ID,train_test,Group,Dup_Stat,OriginDBName,DateOfCaseObserved,Species,DiseaseChosenByUser,Target,ANAEMIA / PALLOR (PALE MEMBRANES),ANOREXIA / (LOSS OF APPETITE),ATAIXA / INCORDINATION OF MOVEMENT,DIARRHOEA,DYSENTERY (BLOOD IN FAECES),DYSPNOEA / COUGHING (DIFFICULTY BREATHING),LYMPH NODE ENLARGEMENT,PYREXIA / FEVER,STARING COAT (STANDING HAIR / ROUGH COAT),STUNTED GROWTH,WEAKNESS,WEIGHT LOSS / EMACIATION (LOSS OF BODY CONDITION),CONSTIPATION,ICTERUS (YELLOWING OF MEMBRANES),SUBMANDIBULAR / VENTRAL OEDEMA,Anaemia/Pallor_Absent,Anaemia/Pallor_Present,Anaemia/Pallor_Unknown,Anoroxia/Loss of apetite_Absent,Anoroxia/Loss of apetite_Present,Anoroxia/Loss of apetite_Unknown,Ataxia/ Incoordination of movement_Absent,Ataxia/ Incoordination of movement_Present,Ataxia/ Incoordination of movement_Unknown,Constipation_Absent,Constipation_Present,Constipation_Unknown,Diarrhoea_Absent,Diarrhoea_Present,Diarrhoea_Unknown,Dysentery/Bloody diarrhoea_Absent,Dysentery/Bloody diarrhoea_Present,Dysentery/Bloody diarrhoea_Unknown,Dyspnoea/Difficulty breathing_Merge_Absent,Dyspnoea/Difficulty breathing_Merge_Present,Dyspnoea/Difficulty breathing_Merge_Unknown,Icterus/ Yellowsh mucous membrane_Absent,Icterus/ Yellowsh mucous membrane_Present,Icterus/ Yellowsh mucous membrane_Unknown,Lymphnode enlargment_Absent,Lymphnode enlargment_Present,Lymphnode enlargment_Unknown,Pyrexia / Fever_Absent,Pyrexia / Fever_Present,Pyrexia / Fever_Unknown,Staring/Rough coat_Absent,Staring/Rough coat_Present,Staring/Rough coat_Unknown,Stunted growth_Absent,Stunted growth_Present,Stunted growth_Unknown,Submandibular/ Ventral oedema_Absent,Submandibular/ Ventral oedema_Present,Submandibular/ Ventral oedema_Unknown,Weakness_Absent,Weakness_Present,Weakness_Unknown,Weight loss/ Emaciation_Absent,Weight loss/ Emaciation_Present,Weight loss/ Emaciation_Unknown,ANTHRAX,BABESIOSIS,BLACKLEG,CBPP,COLIBACILLOSIS,COWDRIOSIS,FASCIOLOSIS,FMD,GI_PARASITE,LSD,LUNGWORM,PASTEUROLLOSIS,RABIES,TRYPANOSOMOSIS,TUBERCULOSIS,ZZ_OTHER
5808,1,158,M,veteddie_eddie,6/28/2020 0:00, CATTLE,ANTHRAX,1,NP,NP,NP,NP,NP,NP,NP,NP,NP,P,NP,NP,NP,NP,NP,1,0,0,1,0,0,1,0,0,1,0,0,1,0,0,1,0,0,1,0,0,1,0,0,1,0,0,0,1,0,1,0,0,1,0,0,1,0,0,1,0,0,1,0,0,57.0471,0.0165611,2.78069,0.000954825,0.000229679,0.0127779,1.54e-05,0.079724,1.54e-05,0.200794,0.950337,0.000748357,38.9099,6.97e-06,0.000215707,2.1e-08
5927,1,211,M,veteddie_eddie,7/8/2020 0:00, CATTLE,ANTHRAX,1,NP,P,NP,NP,NP,NP,NP,NP,NP,P,P,NP,NP,NP,P,1,0,0,0,1,0,1,0,0,1,0,0,1,0,0,1,0,0,1,0,0,1,0,0,1,0,0,0,1,0,0,1,0,1,0,0,1,0,0,1,0,0,0,1,0,54.0975,0.196708,14.3009,0.52213,0.105035,0.106344,0.00062014,14.6613,0.00294184,11.2281,1.18343,0.132737,3.44615,0.00737485,0.0086932,1.17e-10
2681,1,0,U,Eddie,11/19/2019 0:00, CATTLE,ANTHRAX,1,NP,P,NP,NP,NP,P,P,NP,P,P,P,NO,P,NP,NP,1,0,0,0,1,0,1,0,0,1,0,0,1,0,0,0,1,0,0,1,0,1,0,0,0,1,0,0,1,0,0,1,0,0,0,1,0,1,0,1,0,0,1,0,0,6.55,0.02,1.52,3.21,0.01,0.1,0.0,3.49,0.01,32.7,16.32,35.63,0.15,0.01,0.29,0.0
2016,0,146,D,Eddie,6/18/2019 0:00, CATTLE,BABESIOSIS,2,P,NP,P,P,NP,NP,P,P,NP,P,P,NP,NP,P,P,0,1,0,1,0,0,0,1,0,0,1,0,1,0,0,1,0,0,0,1,0,0,1,0,1,0,0,0,1,0,0,1,0,1,0,0,1,0,0,0,1,0,0,1,0,0.0,69.53,0.0,0.03,0.0,19.11,7.35,2.06,0.0,0.03,1.86,0.0,0.0,0.01,0.01,0.0
1944,0,146,D,Eddie,5/24/2019 0:00, CATTLE,BABESIOSIS,2,P,NP,P,P,NP,NP,P,P,NP,P,P,NP,NP,P,P,0,1,0,1,0,0,0,1,0,0,1,0,1,0,0,1,0,0,0,1,0,0,1,0,1,0,0,0,1,0,0,1,0,1,0,0,1,0,0,0,1,0,0,1,0,0.0,69.53,0.0,0.03,0.0,19.11,7.35,2.06,0.0,0.03,1.86,0.0,0.0,0.01,0.01,0.0
2136,1,171,D,Eddie,7/12/2019 0:00, CATTLE,BABESIOSIS,2,P,NP,NP,P,NP,NP,NP,P,P,P,P,NP,NP,P,P,0,1,0,1,0,0,1,0,0,0,1,0,1,0,0,1,0,0,1,0,0,0,1,0,0,1,0,0,1,0,0,1,0,1,0,0,1,0,0,0,1,0,0,1,0,0.0,87.19,0.04,0.0,0.0,0.05,3.4,2.67,0.0,1.5,0.1,0.0,0.0,4.95,0.08,0.0
1782,0,85,M,Eddie,3/18/2019 0:00, CATTLE,BABESIOSIS,2,P,NP,NP,NP,NP,NP,NP,NP,NP,P,P,NP,NP,P,P,0,1,0,1,0,0,1,0,0,1,0,0,1,0,0,1,0,0,1,0,0,1,0,0,1,0,0,0,1,0,0,1,0,1,0,0,1,0,0,0,1,0,0,1,0,0.29,46.66,1.42,0.37,0.1,0.72,1.34,26.06,0.54,11.86,8.67,0.06,0.0,1.54,0.36,0.0
2006,1,85,M,Eddie,6/17/2019 0:00, CATTLE,BABESIOSIS,2,P,NP,NP,NP,NP,NP,NP,NP,NP,P,P,NP,NP,P,P,0,1,0,1,0,0,1,0,0,1,0,0,1,0,0,1,0,0,1,0,0,1,0,0,1,0,0,0,1,0,0,1,0,1,0,0,1,0,0,0,1,0,0,1,0,0.29,46.66,1.42,0.37,0.1,0.72,1.34,26.06,0.54,11.86,8.67,0.06,0.0,1.54,0.36,0.0
1769,0,130,M,Eddie,3/25/2019 0:00, CATTLE,BABESIOSIS,2,P,NP,NP,NP,NP,NP,NP,P,NP,P,P,P,NP,P,P,0,1,0,1,0,0,1,0,0,1,0,0,1,0,0,1,0,0,1,0,0,0,1,0,1,0,0,0,1,0,0,1,0,0,1,0,1,0,0,0,1,0,0,1,0,0.0,75.46,0.0,0.1,0.02,0.04,15.09,4.84,0.53,0.08,0.12,0.0,0.0,3.54,0.15,0.0
461,0,0,U,Eddie,1/1/2015 0:00, CATTLE,BABESIOSIS,2,P,P,NP,P,NP,NP,NP,P,P,P,NP,NP,NP,P,NP,0,1,0,0,1,0,1,0,0,0,1,0,1,0,0,1,0,0,1,0,0,0,1,0,0,1,0,0,1,0,1,0,0,1,0,0,1,0,0,0,1,0,1,0,0,0.02,95.09,1.93,0.0,0.0,0.08,0.02,1.18,0.0,1.6,0.02,0.0,0.0,0.06,0.0,0.0
2058,0,0,U,Eddie,7/2/2019 0:00, CATTLE,BABESIOSIS,2,NP,NP,NP,NP,NP,NP,P,P,NP,P,P,NP,NP,P,P,1,0,0,1,0,0,1,0,0,1,0,0,1,0,0,1,0,0,0,1,0,0,1,0,1,0,0,0,1,0,0,1,0,1,0,0,1,0,0,0,1,0,0,1,0,0.09,47.15,0.08,20.36,0.0,0.42,0.55,7.52,0.0,7.01,13.16,2.24,0.0,0.02,1.38,0.0
1153,0,0,U,Eddie,3/13/2019 0:00, CATTLE,BABESIOSIS,2,NP,P,NP,P,P,NP,P,P,NP,P,NP,NP,NP,P,P,1,0,0,0,1,0,1,0,0,0,1,0,0,1,0,1,0,0,0,1,0,0,1,0,1,0,0,0,1,0,1,0,0,1,0,0,1,0,0,0,1,0,0,1,0,0.07,19.92,0.31,4.4,2.73,2.41,3.47,22.26,0.04,5.63,36.95,1.49,0.22,0.05,0.03,0.0
1984,0,0,U,Eddie,6/10/2019 0:00, CATTLE,BABESIOSIS,2,P,NP,P,P,NP,NP,P,P,NP,P,P,NP,NP,NP,NP,0,1,0,1,0,0,0,1,0,0,1,0,1,0,0,1,0,0,0,1,0,0,1,0,1,0,0,0,1,0,0,1,0,1,0,0,1,0,0,1,0,0,1,0,0,0.07,64.49,0.01,0.0,0.0,25.29,0.41,0.9,0.0,0.04,7.1,0.0,0.64,0.0,0.0,1.06
1167,0,0,U,Eddie,3/14/2019 0:00, CATTLE,BABESIOSIS,2,P,P,NP,P,P,NP,NP,P,NP,P,NP,NP,NP,P,P,0,1,0,0,1,0,1,0,0,0,1,0,0,1,0,1,0,0,1,0,0,0,1,0,1,0,0,0,1,0,1,0,0,1,0,0,1,0,0,0,1,0,0,1,0,0.0,78.46,0.07,0.0,3.36,0.13,9.37,6.98,0.1,0.61,0.73,0.0,0.0,0.17,0.0,0.0
2729,1,0,U,Eddie,10/1/2019 0:00, CATTLE,BABESIOSIS,2,P,P,P,P,NP,NP,NP,NO,P,P,NO,NO,NO,P,P,0,1,0,0,1,0,0,1,0,0,1,0,1,0,0,1,0,0,1,0,0,0,0,1,0,1,0,0,1,0,0,0,1,0,0,1,0,0,1,0,1,0,0,1,0,0.0,5.95,0.16,0.02,0.0,47.46,0.02,32.76,0.01,0.66,0.05,0.01,0.0,12.82,0.07,0.0
2179,1,0,U,Eddie,7/16/2019 0:00, CATTLE,BABESIOSIS,2,P,P,NP,P,NP,NP,NP,P,P,P,P,NP,NP,P,P,0,1,0,0,1,0,1,0,0,0,1,0,1,0,0,1,0,0,1,0,0,0,1,0,0,1,0,0,1,0,0,1,0,1,0,0,1,0,0,0,1,0,0,1,0,0.0,84.87,0.17,0.01,0.0,0.05,0.41,6.5,0.0,3.13,0.01,0.0,0.0,4.82,0.01,0.0
2170,1,0,U,Eddie,7/15/2019 0:00, CATTLE,BABESIOSIS,2,P,P,NP,NP,NP,NP,NP,P,P,P,P,NP,NP,P,P,0,1,0,0,1,0,1,0,0,1,0,0,1,0,0,1,0,0,1,0,0,0,1,0,0,1,0,0,1,0,0,1,0,1,0,0,1,0,0,0,1,0,0,1,0,0.0,82.71,0.06,0.03,0.0,0.03,0.06,7.14,0.0,7.06,0.01,0.0,0.0,2.89,0.01,0.0
317,0,0,U,Eddie,1/22/2019 0:00, CATTLE,BABESIOSIS,2,NO,P,NP,NP,NP,NP,NP,NO,NP,NP,P,NP,NP,P,P,0,0,1,0,1,0,1,0,0,1,0,0,1,0,0,1,0,0,1,0,0,0,0,1,1,0,0,1,0,0,0,1,0,1,0,0,1,0,0,0,1,0,0,1,0,1.15,33.32,9.13,0.97,0.32,0.19,1.63,17.43,2.9,19.73,11.31,0.14,0.49,1.09,0.19,0.0
4196,1,80,D,veteddie_eddie,1/15/2020 0:00, CATTLE,BLACKLEG,3,NP,P,P,NP,NP,NP,NP,NP,P,P,NP,NP,NP,P,NP,1,0,0,0,1,0,0,1,0,1,0,0,1,0,0,1,0,0,1,0,0,1,0,0,0,1,0,0,1,0,1,0,0,1,0,0,1,0,0,0,1,0,1,0,0,0.764623,0.0465634,11.2438,0.00930122,0.00283313,70.0107,1.76e-07,13.232,3.67e-07,3.60378,0.0469429,0.00512905,1.03162,0.000972621,0.00162515,7.35e-08
1478,0,83,D,Eddie,4/22/2019 0:00, CATTLE,BLACKLEG,3,NP,P,NP,NP,NP,NP,NP,NP,NO,P,NP,NP,NP,P,NP,1,0,0,0,1,0,1,0,0,1,0,0,1,0,0,1,0,0,1,0,0,1,0,0,0,0,1,0,1,0,1,0,0,1,0,0,1,0,0,0,1,0,1,0,0,19.86,0.14,62.23,0.04,0.02,0.18,0.0,2.34,0.0,9.99,0.15,0.03,5.02,0.0,0.0,0.0
4186,1,80,D,veteddie_eddie,1/15/2020 0:00, CATTLE,BLACKLEG,3,NP,P,P,NP,NP,NP,NP,NP,P,P,NP,NP,NP,P,NP,1,0,0,0,1,0,0,1,0,1,0,0,1,0,0,1,0,0,1,0,0,1,0,0,0,1,0,0,1,0,1,0,0,1,0,0,1,0,0,0,1,0,1,0,0,0.764623,0.0465634,11.2438,0.00930122,0.00283313,70.0107,1.76e-07,13.232,3.67e-07,3.60378,0.0469429,0.00512905,1.03162,0.000972621,0.00162515,7.35e-08
1560,0,83,D,Eddie,5/2/2019 0:00, CATTLE,BLACKLEG,3,NP,P,NP,NP,NP,NP,NP,NP,NO,P,NP,NP,NP,P,NP,1,0,0,0,1,0,1,0,0,1,0,0,1,0,0,1,0,0,1,0,0,1,0,0,0,0,1,0,1,0,1,0,0,1,0,0,1,0,0,0,1,0,1,0,0,19.86,0.14,62.23,0.04,0.02,0.18,0.0,2.34,0.0,9.99,0.15,0.03,5.02,0.0,0.0,0.0
1433,0,83,D,Eddie,4/11/2019 0:00, CATTLE,BLACKLEG,3,NP,P,NP,NP,NP,NP,NP,NP,NO,P,NP,NP,NP,P,NP,1,0,0,0,1,0,1,0,0,1,0,0,1,0,0,1,0,0,1,0,0,1,0,0,0,0,1,0,1,0,1,0,0,1,0,0,1,0,0,0,1,0,1,0,0,19.86,0.14,62.23,0.04,0.02,0.18,0.0,2.34,0.0,9.99,0.15,0.03,5.02,0.0,0.0,0.0
3552,0,80,D,veteddie_eddie,1/2/2020 0:00, CATTLE,BLACKLEG,3,NP,P,P,NP,NP,NP,NP,NP,P,P,NP,NP,NP,P,NP,1,0,0,0,1,0,0,1,0,1,0,0,1,0,0,1,0,0,1,0,0,1,0,0,0,1,0,0,1,0,1,0,0,1,0,0,1,0,0,0,1,0,1,0,0,0.764623,0.0465634,11.2438,0.00930122,0.00283313,70.0107,1.76e-07,13.232,3.67e-07,3.60378,0.0469429,0.00512905,1.03162,0.000972621,0.00162515,7.35e-08
1443,0,83,D,Eddie,4/12/2019 0:00, CATTLE,BLACKLEG,3,NP,P,NP,NP,NP,NP,NP,NP,NO,P,NP,NP,NP,P,NP,1,0,0,0,1,0,1,0,0,1,0,0,1,0,0,1,0,0,1,0,0,1,0,0,0,0,1,0,1,0,1,0,0,1,0,0,1,0,0,0,1,0,1,0,0,19.86,0.14,62.23,0.04,0.02,0.18,0.0,2.34,0.0,9.99,0.15,0.03,5.02,0.0,0.0,0.0
2859,1,177,M,veteddie_eddie,2/20/2020 0:00, CATTLE,BLACKLEG,3,NP,P,NP,NP,NP,NP,NP,NP,NP,P,P,NP,NP,P,NP,1,0,0,0,1,0,1,0,0,1,0,0,1,0,0,1,0,0,1,0,0,1,0,0,1,0,0,0,1,0,0,1,0,1,0,0,1,0,0,0,1,0,1,0,0,22.8405,0.120484,67.4509,0.0616507,0.0199216,0.0929609,4.56e-05,3.27627,0.000216245,5.65265,0.0609507,0.015673,0.406905,0.000234315,0.000639008,6.43e-12
813,0,65,M,Eddie,2/7/2019 0:00, CATTLE,BLACKLEG,3,NP,P,P,NP,NP,NP,NP,NP,NP,P,P,NP,NP,P,NP,1,0,0,0,1,0,0,1,0,1,0,0,1,0,0,1,0,0,1,0,0,1,0,0,1,0,0,0,1,0,0,1,0,1,0,0,1,0,0,0,1,0,1,0,0,7.13,0.09,21.06,0.02,0.01,44.14,0.0,23.33,0.0,1.76,0.08,0.0,2.39,0.0,0.0,0.0
2764,1,193,M,veteddie_eddie,2/17/2020 0:00, CATTLE,BLACKLEG,3,NP,NP,NP,NP,NP,NP,NP,NP,NP,NP,P,NP,NP,P,NP,1,0,0,1,0,0,1,0,0,1,0,0,1,0,0,1,0,0,1,0,0,1,0,0,1,0,0,1,0,0,0,1,0,1,0,0,1,0,0,0,1,0,1,0,0,16.3035,0.265347,33.9657,0.0498682,0.0100318,0.204731,0.32892,2.17451,0.324728,9.3526,31.9808,0.00789232,4.90929,0.0037945,0.118227,4.4e-08
2683,1,199,M,Eddie,11/19/2019 0:00, CATTLE,BLACKLEG,3,NP,P,NP,NP,NP,NP,NP,NP,P,NP,NP,NP,NP,NP,NP,1,0,0,0,1,0,1,0,0,1,0,0,1,0,0,1,0,0,1,0,0,1,0,0,0,1,0,1,0,0,1,0,0,1,0,0,1,0,0,1,0,0,1,0,0,10.91,0.01,14.18,0.0,0.0,0.03,0.0,0.33,0.0,5.41,1.97,0.0,67.14,0.0,0.01,0.0
2071,0,165,M,Eddie,7/8/2019 0:00, CATTLE,BLACKLEG,3,NP,P,NP,NP,NP,NP,NP,NP,NP,NP,NP,NP,NP,NP,P,1,0,0,0,1,0,1,0,0,1,0,0,1,0,0,1,0,0,1,0,0,1,0,0,1,0,0,1,0,0,1,0,0,1,0,0,1,0,0,1,0,0,0,1,0,3.58,0.02,1.04,0.02,0.01,0.01,0.0,0.46,0.01,0.75,11.18,0.01,82.9,0.0,0.0,0.0
1322,0,60,M,Eddie,3/18/2019 0:00, CATTLE,BLACKLEG,3,NP,P,NP,NP,NP,NP,NP,NP,NP,P,NP,NP,NP,P,NP,1,0,0,0,1,0,1,0,0,1,0,0,1,0,0,1,0,0,1,0,0,1,0,0,1,0,0,0,1,0,1,0,0,1,0,0,1,0,0,0,1,0,1,0,0,28.92,0.15,58.32,0.03,0.02,0.12,0.0,1.62,0.0,2.79,0.19,0.03,7.82,0.0,0.0,0.0
2483,0,76,M,Eddie,10/10/2019 0:00, CATTLE,BLACKLEG,3,NP,P,NP,NP,NP,NP,P,NP,NP,P,NP,NP,NP,NP,NP,1,0,0,0,1,0,1,0,0,1,0,0,1,0,0,1,0,0,0,1,0,1,0,0,1,0,0,0,1,0,1,0,0,1,0,0,1,0,0,1,0,0,1,0,0,24.24,0.03,1.18,0.17,0.0,0.04,0.0,0.09,0.0,0.35,1.54,0.13,72.24,0.0,0.0,0.0
765,0,60,M,Eddie,2/6/2019 0:00, CATTLE,BLACKLEG,3,NP,P,NP,NP,NP,NP,NP,NP,NP,P,NP,NP,NP,P,NP,1,0,0,0,1,0,1,0,0,1,0,0,1,0,0,1,0,0,1,0,0,1,0,0,1,0,0,0,1,0,1,0,0,1,0,0,1,0,0,0,1,0,1,0,0,28.92,0.15,58.32,0.03,0.02,0.12,0.0,1.62,0.0,2.79,0.19,0.03,7.82,0.0,0.0,0.0
797,0,63,M,Eddie,2/7/2019 0:00, CATTLE,BLACKLEG,3,NP,P,P,NP,NP,NP,NP,NP,NP,P,NP,NP,NP,P,NP,1,0,0,0,1,0,0,1,0,1,0,0,1,0,0,1,0,0,1,0,0,1,0,0,1,0,0,0,1,0,1,0,0,1,0,0,1,0,0,0,1,0,1,0,0,6.37,0.08,12.85,0.01,0.01,39.43,0.0,8.12,0.0,0.61,0.17,0.01,32.34,0.0,0.0,0.0
3291,1,0,U,veteddie_eddie,3/13/2020 0:00, CATTLE,BLACKLEG,3,NP,P,NP,P,P,NP,P,NP,NP,P,P,NP,NP,P,NP,1,0,0,0,1,0,1,0,0,0,1,0,0,1,0,1,0,0,0,1,0,1,0,0,1,0,0,0,1,0,0,1,0,1,0,0,1,0,0,0,1,0,1,0,0,7.76343,0.303185,29.9528,2.61517,0.845058,6.53761,0.000805232,15.8473,0.0758852,16.0246,17.8106,0.664834,1.52469,0.00682767,0.0271062,2.68e-06
2377,0,0,U,Eddie,9/24/2019 0:00, CATTLE,BLACKLEG,3,NP,P,NP,NP,NP,NP,NP,NP,NO,NP,NP,NP,NO,NP,NP,1,0,0,0,1,0,1,0,0,1,0,0,1,0,0,1,0,0,1,0,0,1,0,0,0,0,1,1,0,0,1,0,0,1,0,0,0,0,1,1,0,0,1,0,0,4.46,0.0,1.2,0.0,0.0,0.0,0.0,0.02,0.0,0.24,0.5,0.0,93.58,0.0,0.0,0.0
5411,1,0,U,veteddie_eddie,6/1/2020 0:00, CATTLE,BLACKLEG,3,P,P,NP,P,NP,NP,NP,NP,P,P,P,NP,NP,NP,NP,0,1,0,0,1,0,1,0,0,0,1,0,1,0,0,1,0,0,1,0,0,1,0,0,0,1,0,0,1,0,0,1,0,1,0,0,1,0,0,1,0,0,1,0,0,7.96714,3.95024,64.9797,0.00732744,0.000437698,0.419722,9.01e-05,6.26358,0.00016595,15.1042,0.371834,0.00080576,0.482253,0.444524,0.00796423,2.23e-06
2261,0,178,M,Eddie,3/11/2019 0:00, CATTLE,CBPP,4,NP,P,NP,NP,NP,NP,P,NP,NP,P,P,NP,NP,P,P,1,0,0,0,1,0,1,0,0,1,0,0,1,0,0,1,0,0,0,1,0,1,0,0,1,0,0,0,1,0,0,1,0,1,0,0,1,0,0,0,1,0,0,1,0,0.46,0.43,0.96,62.79,0.01,0.48,0.0,7.51,0.0,8.51,2.4,15.96,0.03,0.02,0.45,0.0
3051,0,208,M,veteddie_eddie,2/8/2020 0:00, CATTLE,CBPP,4,NP,P,NP,NP,NP,NP,P,NP,P,P,P,NP,NP,P,P,1,0,0,0,1,0,1,0,0,1,0,0,1,0,0,1,0,0,0,1,0,1,0,0,0,1,0,0,1,0,0,1,0,1,0,0,1,0,0,0,1,0,0,1,0,0.0327073,0.15334,0.503117,46.7326,0.00210602,0.510348,9.36e-07,7.31922,3.67e-05,29.8459,0.407709,8.35883,0.000477368,0.464415,5.66923,9.98e-12
4032,1,208,M,veteddie_eddie,1/23/2020 0:00, CATTLE,CBPP,4,NP,P,NP,NP,NP,NP,P,NP,P,P,P,NP,NP,P,P,1,0,0,0,1,0,1,0,0,1,0,0,1,0,0,1,0,0,0,1,0,1,0,0,0,1,0,0,1,0,0,1,0,1,0,0,1,0,0,0,1,0,0,1,0,0.0327073,0.15334,0.503117,46.7326,0.00210602,0.510348,9.36e-07,7.31922,3.67e-05,29.8459,0.407709,8.35883,0.000477368,0.464415,5.66923,9.98e-12
959,0,0,U,Eddie,3/21/2019 0:00, CATTLE,CBPP,4,NP,NP,NP,P,NP,NP,P,NP,NP,P,P,P,NP,P,NP,1,0,0,1,0,0,1,0,0,0,1,0,1,0,0,1,0,0,0,1,0,1,0,0,1,0,0,0,1,0,0,1,0,0,1,0,1,0,0,0,1,0,1,0,0,1.61,0.45,6.29,30.9,0.0,5.1,0.28,5.91,0.51,0.56,19.37,3.78,0.22,0.11,24.89,0.0
1790,0,0,U,Eddie,3/18/2019 0:00, CATTLE,CBPP,4,NP,P,NP,NP,NP,NP,P,NP,NP,NP,P,P,NP,P,P,1,0,0,0,1,0,1,0,0,1,0,0,1,0,0,1,0,0,0,1,0,1,0,0,1,0,0,1,0,0,0,1,0,0,1,0,1,0,0,0,1,0,0,1,0,0.0,0.02,0.03,66.65,0.01,0.1,0.09,1.41,2.93,0.18,4.92,5.08,0.0,0.63,17.94,0.0
1604,0,123,D,Eddie,5/7/2019 0:00, CATTLE,COLIBACILLOSIS,5,NP,P,NP,NP,P,NP,NP,NP,NO,P,NP,NP,NP,P,P,1,0,0,0,1,0,1,0,0,1,0,0,0,1,0,1,0,0,1,0,0,1,0,0,0,0,1,0,1,0,1,0,0,1,0,0,1,0,0,0,1,0,0,1,0,0.29,0.05,1.5,0.11,63.9,0.37,0.01,16.33,0.02,16.09,0.92,0.07,0.07,0.23,0.02,0.0
714,0,57,D,Eddie,2/5/2019 0:00, CATTLE,COLIBACILLOSIS,5,NP,P,NP,NP,P,P,NP,NP,NP,P,P,P,NP,P,P,1,0,0,0,1,0,1,0,0,1,0,0,0,1,0,0,1,0,1,0,0,1,0,0,1,0,0,0,1,0,0,1,0,0,1,0,1,0,0,0,1,0,0,1,0,0.0,0.0,0.0,0.0,99.65,0.0,0.0,0.15,0.18,0.0,0.0,0.0,0.0,0.0,0.0,0.0
2184,0,155,D,Eddie,7/16/2019 0:00, CATTLE,COLIBACILLOSIS,5,NP,NP,NP,NP,P,P,NP,NP,NP,P,P,NP,NP,P,P,1,0,0,1,0,0,1,0,0,1,0,0,0,1,0,0,1,0,1,0,0,1,0,0,1,0,0,0,1,0,0,1,0,1,0,0,1,0,0,0,1,0,0,1,0,0.01,0.0,0.01,0.0,98.01,0.01,0.08,0.88,0.29,0.27,0.44,0.0,0.0,0.0,0.0,0.0
707,0,56,D,Eddie,2/5/2019 0:00, CATTLE,COLIBACILLOSIS,5,NP,P,NP,NP,P,P,NP,NP,NP,P,P,NP,NP,P,NP,1,0,0,0,1,0,1,0,0,1,0,0,0,1,0,0,1,0,1,0,0,1,0,0,1,0,0,0,1,0,0,1,0,1,0,0,1,0,0,0,1,0,1,0,0,0.39,0.0,1.16,0.0,95.73,0.01,0.0,1.5,0.01,1.12,0.06,0.0,0.01,0.0,0.0,0.0
685,0,53,D,Eddie,2/5/2019 0:00, CATTLE,COLIBACILLOSIS,5,P,P,NP,NP,P,P,NP,NP,NP,P,P,P,NP,P,P,0,1,0,0,1,0,1,0,0,1,0,0,0,1,0,0,1,0,1,0,0,1,0,0,1,0,0,0,1,0,0,1,0,0,1,0,1,0,0,0,1,0,0,1,0,0.0,0.0,0.0,0.0,96.29,0.0,0.09,0.4,3.13,0.0,0.0,0.0,0.0,0.08,0.0,0.0
2534,1,194,D,Eddie,10/15/2019 0:00, CATTLE,COLIBACILLOSIS,5,NP,P,NP,NP,P,P,NP,NP,NP,P,NP,NP,NP,NP,NP,1,0,0,0,1,0,1,0,0,1,0,0,0,1,0,0,1,0,1,0,0,1,0,0,1,0,0,0,1,0,1,0,0,1,0,0,1,0,0,1,0,0,1,0,0,20.76,0.0,2.3,0.0,53.22,0.02,0.0,1.01,0.0,0.94,1.67,0.0,20.07,0.0,0.0,0.0
1501,0,51,D,Eddie,4/22/2019 0:00, CATTLE,COLIBACILLOSIS,5,NP,P,NP,NP,P,P,NP,NP,NP,P,NP,P,NP,P,P,1,0,0,0,1,0,1,0,0,1,0,0,0,1,0,0,1,0,1,0,0,1,0,0,1,0,0,0,1,0,1,0,0,0,1,0,1,0,0,0,1,0,0,1,0,0.0,0.0,0.0,0.0,99.88,0.0,0.0,0.07,0.04,0.0,0.0,0.0,0.0,0.0,0.0,0.0
1115,0,88,D,Eddie,2/26/2019 0:00, CATTLE,COLIBACILLOSIS,5,NP,P,NP,NP,P,P,NP,NP,NO,P,NP,NP,NP,P,P,1,0,0,0,1,0,1,0,0,1,0,0,0,1,0,0,1,0,1,0,0,1,0,0,0,0,1,0,1,0,1,0,0,1,0,0,1,0,0,0,1,0,0,1,0,0.0,0.0,0.01,0.0,99.18,0.0,0.0,0.45,0.0,0.3,0.05,0.0,0.0,0.0,0.0,0.0
1933,0,52,D,Eddie,5/22/2019 0:00, CATTLE,COLIBACILLOSIS,5,NP,P,NP,NP,P,P,NP,NP,NP,P,P,NP,NP,P,P,1,0,0,0,1,0,1,0,0,1,0,0,0,1,0,0,1,0,1,0,0,1,0,0,1,0,0,0,1,0,0,1,0,1,0,0,1,0,0,0,1,0,0,1,0,0.0,0.0,0.01,0.0,99.3,0.0,0.0,0.51,0.02,0.13,0.02,0.0,0.0,0.0,0.0,0.0
1923,0,52,D,Eddie,5/17/2019 0:00, CATTLE,COLIBACILLOSIS,5,NP,P,NP,NP,P,P,NP,NP,NP,P,P,NP,NP,P,P,1,0,0,0,1,0,1,0,0,1,0,0,0,1,0,0,1,0,1,0,0,1,0,0,1,0,0,0,1,0,0,1,0,1,0,0,1,0,0,0,1,0,0,1,0,0.0,0.0,0.01,0.0,99.3,0.0,0.0,0.51,0.02,0.13,0.02,0.0,0.0,0.0,0.0,0.0
1556,0,123,D,Eddie,5/1/2019 0:00, CATTLE,COLIBACILLOSIS,5,NP,P,NP,NP,P,NP,NP,NP,NO,P,NP,NP,NP,P,P,1,0,0,0,1,0,1,0,0,1,0,0,0,1,0,1,0,0,1,0,0,1,0,0,0,0,1,0,1,0,1,0,0,1,0,0,1,0,0,0,1,0,0,1,0,0.29,0.05,1.5,0.11,63.9,0.37,0.01,16.33,0.02,16.09,0.92,0.07,0.07,0.23,0.02,0.0
2507,1,56,D,Eddie,9/23/2019 0:00, CATTLE,COLIBACILLOSIS,5,NP,P,NP,NP,P,P,NP,NP,NP,P,P,NP,NP,P,NP,1,0,0,0,1,0,1,0,0,1,0,0,0,1,0,0,1,0,1,0,0,1,0,0,1,0,0,0,1,0,0,1,0,1,0,0,1,0,0,0,1,0,1,0,0,0.39,0.0,1.16,0.0,95.73,0.01,0.0,1.5,0.01,1.12,0.06,0.0,0.01,0.0,0.0,0.0
1521,0,24,M,Eddie,4/23/2019 0:00, CATTLE,COLIBACILLOSIS,5,NP,P,NP,NP,P,P,NP,NP,NP,P,NP,NP,NP,P,P,1,0,0,0,1,0,1,0,0,1,0,0,0,1,0,0,1,0,1,0,0,1,0,0,1,0,0,0,1,0,1,0,0,1,0,0,1,0,0,0,1,0,0,1,0,0.0,0.0,0.01,0.0,99.63,0.0,0.0,0.24,0.0,0.06,0.05,0.0,0.0,0.0,0.0,0.0
2067,0,162,M,Eddie,6/27/2019 0:00, CATTLE,COLIBACILLOSIS,5,NP,NP,NP,NP,P,NP,NP,NP,NP,NP,P,NP,NP,NP,NP,1,0,0,1,0,0,1,0,0,1,0,0,0,1,0,1,0,0,1,0,0,1,0,0,1,0,0,1,0,0,0,1,0,1,0,0,1,0,0,1,0,0,1,0,0,15.31,0.01,1.75,0.0,0.18,0.05,0.07,0.54,0.93,1.88,62.81,0.0,16.48,0.0,0.0,0.0
2329,1,186,M,Eddie,9/12/2019 0:00, CATTLE,COLIBACILLOSIS,5,NP,P,P,NP,P,P,NP,NP,NP,P,P,NP,NP,P,NP,1,0,0,0,1,0,0,1,0,1,0,0,0,1,0,0,1,0,1,0,0,1,0,0,1,0,0,0,1,0,0,1,0,1,0,0,1,0,0,0,1,0,1,0,0,0.14,0.0,0.42,0.0,79.39,7.21,0.0,12.3,0.0,0.4,0.09,0.0,0.05,0.0,0.0,0.0
1719,0,100,M,Eddie,6/19/2019 0:00, CATTLE,COLIBACILLOSIS,5,NP,NP,NP,NP,P,NP,NP,NP,NP,NP,NP,NP,NP,NP,NP,1,0,0,1,0,0,1,0,0,1,0,0,0,1,0,1,0,0,1,0,0,1,0,0,1,0,0,1,0,0,1,0,0,1,0,0,1,0,0,1,0,0,1,0,0,3.62,0.0,0.28,0.0,0.04,0.01,0.01,0.05,0.04,0.17,36.56,0.0,59.22,0.0,0.0,0.0
1659,0,24,M,Eddie,5/8/2019 0:00, CATTLE,COLIBACILLOSIS,5,NP,P,NP,NP,P,P,NP,NP,NP,P,NP,NP,NP,P,P,1,0,0,0,1,0,1,0,0,1,0,0,0,1,0,0,1,0,1,0,0,1,0,0,1,0,0,0,1,0,1,0,0,1,0,0,1,0,0,0,1,0,0,1,0,0.0,0.0,0.01,0.0,99.63,0.0,0.0,0.24,0.0,0.06,0.05,0.0,0.0,0.0,0.0,0.0
2041,0,47,M,Eddie,6/24/2019 0:00, CATTLE,COLIBACILLOSIS,5,NP,P,NP,NP,P,NP,NP,NP,NP,P,P,NP,NP,P,P,1,0,0,0,1,0,1,0,0,1,0,0,0,1,0,1,0,0,1,0,0,1,0,0,1,0,0,0,1,0,0,1,0,1,0,0,1,0,0,0,1,0,0,1,0,0.3,0.04,1.42,0.14,69.47,0.17,0.02,19.97,0.12,7.95,0.34,0.04,0.01,0.02,0.0,0.0
858,0,68,M,Eddie,2/12/2019 0:00, CATTLE,COLIBACILLOSIS,5,NP,P,NP,NP,P,NP,NP,NP,NP,NP,NP,P,NP,P,P,1,0,0,0,1,0,1,0,0,1,0,0,0,1,0,1,0,0,1,0,0,1,0,0,1,0,0,1,0,0,1,0,0,0,1,0,1,0,0,0,1,0,0,1,0,0.0,0.0,0.03,0.07,55.32,0.04,0.44,1.68,40.01,0.08,1.95,0.02,0.02,0.28,0.05,0.0
2600,1,124,M,Eddie,10/30/2019 0:00, CATTLE,COLIBACILLOSIS,5,P,P,NP,NP,P,P,NP,NP,NP,P,P,NP,NP,P,P,0,1,0,0,1,0,1,0,0,1,0,0,0,1,0,0,1,0,1,0,0,1,0,0,1,0,0,0,1,0,0,1,0,1,0,0,1,0,0,0,1,0,0,1,0,0.0,0.04,0.0,0.0,98.0,0.0,0.0,1.34,0.31,0.23,0.06,0.0,0.0,0.01,0.0,0.0
804,0,35,M,Eddie,2/7/2019 0:00, CATTLE,COLIBACILLOSIS,5,P,P,NP,NP,P,NP,NP,NP,NP,P,P,P,NP,P,P,0,1,0,0,1,0,1,0,0,1,0,0,0,1,0,1,0,0,1,0,0,1,0,0,1,0,0,0,1,0,0,1,0,0,1,0,1,0,0,0,1,0,0,1,0,0.0,0.23,0.02,0.11,58.13,0.13,0.81,13.33,18.48,0.18,0.08,0.01,0.0,8.48,0.02,0.0
3853,1,98,M,veteddie_eddie,11/26/2019 0:00, CATTLE,COLIBACILLOSIS,5,NP,P,NP,NP,P,NP,NP,NP,NP,P,P,NP,NP,P,NP,1,0,0,0,1,0,1,0,0,1,0,0,0,1,0,1,0,0,1,0,0,1,0,0,1,0,0,0,1,0,0,1,0,1,0,0,1,0,0,0,1,0,1,0,0,12.763,0.0673251,37.6907,0.0344496,16.9317,0.42973,0.000993409,14.8316,0.018164,16.6393,0.355218,0.00875787,0.227374,0.00132482,0.00035707,1.04e-09
2176,0,73,M,Eddie,7/15/2019 0:00, CATTLE,COLIBACILLOSIS,5,NP,NP,NP,NP,P,NP,NP,NP,NP,P,P,NP,NP,P,P,1,0,0,1,0,0,1,0,0,1,0,0,0,1,0,1,0,0,1,0,0,1,0,0,1,0,0,0,1,0,0,1,0,1,0,0,1,0,0,0,1,0,0,1,0,0.49,0.12,1.04,0.17,50.85,0.54,0.59,25.57,1.48,11.88,7.11,0.04,0.01,0.06,0.06,0.0
545,0,48,M,Eddie,1/30/2019 0:00, CATTLE,COLIBACILLOSIS,5,NP,P,NP,NP,P,NP,NP,NP,NP,NP,NP,NP,NP,P,P,1,0,0,0,1,0,1,0,0,1,0,0,0,1,0,1,0,0,1,0,0,1,0,0,1,0,0,1,0,0,1,0,0,1,0,0,1,0,0,0,1,0,0,1,0,0.17,0.04,0.92,0.06,54.81,0.16,0.3,5.54,3.82,4.71,28.27,0.03,1.13,0.04,0.01,0.0
2450,1,0,U,Eddie,10/2/2019 0:00, CATTLE,COLIBACILLOSIS,5,NP,P,NP,NP,P,P,NP,NP,NP,P,NP,NP,NP,P,NP,1,0,0,0,1,0,1,0,0,1,0,0,0,1,0,0,1,0,1,0,0,1,0,0,1,0,0,0,1,0,1,0,0,1,0,0,1,0,0,0,1,0,1,0,0,0.48,0.0,0.96,0.0,96.98,0.02,0.0,0.71,0.0,0.53,0.19,0.0,0.13,0.0,0.0,0.0
68,0,0,U,Eddie,12/16/2018 0:00, CATTLE,COLIBACILLOSIS,5,P,P,NP,NP,P,P,NP,NP,P,P,P,NO,NP,P,P,0,1,0,0,1,0,1,0,0,1,0,0,0,1,0,0,1,0,1,0,0,1,0,0,0,1,0,0,1,0,0,1,0,0,0,1,1,0,0,0,1,0,0,1,0,0.0,0.03,0.01,0.0,85.34,0.01,0.12,4.09,0.22,1.7,0.02,0.0,0.0,8.44,0.01,0.0
2468,1,0,U,Eddie,10/4/2019 0:00, CATTLE,COLIBACILLOSIS,5,NP,P,NP,NP,NP,P,NP,NP,NP,P,P,NP,NP,P,NP,1,0,0,0,1,0,1,0,0,1,0,0,1,0,0,0,1,0,1,0,0,1,0,0,1,0,0,0,1,0,0,1,0,1,0,0,1,0,0,0,1,0,1,0,0,19.33,0.1,57.08,0.05,3.1,0.08,0.0,9.15,0.0,10.44,0.3,0.01,0.34,0.0,0.0,0.0
2402,0,0,U,Eddie,9/24/2019 0:00, CATTLE,COLIBACILLOSIS,5,NP,P,NP,NP,NP,P,NP,NP,NP,P,P,NP,NP,P,P,1,0,0,0,1,0,1,0,0,1,0,0,1,0,0,0,1,0,1,0,0,1,0,0,1,0,0,0,1,0,0,1,0,1,0,0,1,0,0,0,1,0,0,1,0,1.35,0.17,6.46,0.64,38.18,0.09,0.0,36.98,0.07,14.98,0.86,0.16,0.02,0.01,0.01,0.0
1405,0,0,U,Eddie,4/10/2019 0:00, CATTLE,COLIBACILLOSIS,5,NP,P,NP,NP,P,P,NP,NP,NO,NP,P,NP,NP,P,P,1,0,0,0,1,0,1,0,0,1,0,0,0,1,0,0,1,0,1,0,0,1,0,0,0,0,1,1,0,0,0,1,0,1,0,0,1,0,0,0,1,0,0,1,0,0.0,0.0,0.01,0.0,95.13,0.0,0.08,0.7,2.51,0.98,0.54,0.0,0.0,0.04,0.0,0.0
1296,0,0,U,Eddie,4/9/2019 0:00, CATTLE,COLIBACILLOSIS,5,P,NP,NP,NP,P,P,P,NP,NP,P,NP,NP,NP,P,P,0,1,0,1,0,0,1,0,0,1,0,0,0,1,0,0,1,0,0,1,0,1,0,0,1,0,0,0,1,0,1,0,0,1,0,0,1,0,0,0,1,0,0,1,0,0.0,0.49,0.0,0.07,6.57,0.13,1.04,0.77,0.66,0.28,89.91,0.03,0.0,0.04,0.03,0.0
1222,0,0,U,Eddie,3/21/2019 0:00, CATTLE,COLIBACILLOSIS,5,NP,NP,NP,NP,P,P,NP,NP,NP,NP,NP,NP,NP,P,P,1,0,0,1,0,0,1,0,0,1,0,0,0,1,0,0,1,0,1,0,0,1,0,0,1,0,0,1,0,0,1,0,0,1,0,0,1,0,0,0,1,0,0,1,0,0.0,0.0,0.01,0.0,61.94,0.0,0.83,0.2,7.43,0.13,29.44,0.0,0.01,0.0,0.0,0.0
3188,1,0,U,veteddie_eddie,3/30/2020 0:00, CATTLE,COLIBACILLOSIS,5,NP,P,NP,P,P,NP,NP,NP,NP,P,P,NP,NP,P,P,1,0,0,0,1,0,1,0,0,0,1,0,0,1,0,1,0,0,1,0,0,1,0,0,1,0,0,0,1,0,0,1,0,1,0,0,1,0,0,0,1,0,0,1,0,0.114554,12.9509,0.388189,0.143407,0.0288486,0.0561021,53.1954,5.82033,0.648362,6.2608,20.0468,0.00981003,0.0344944,0.0659608,0.236055,9.94e-07
1658,0,0,U,Eddie,5/8/2019 0:00, CATTLE,COLIBACILLOSIS,5,P,P,NP,NP,P,P,NP,NP,NP,NP,NP,NP,NP,P,P,0,1,0,0,1,0,1,0,0,1,0,0,0,1,0,0,1,0,1,0,0,1,0,0,1,0,0,1,0,0,1,0,0,1,0,0,1,0,0,0,1,0,0,1,0,0.0,0.04,0.0,0.0,82.48,0.0,0.9,0.4,10.44,0.14,5.57,0.0,0.0,0.03,0.0,0.0
2278,0,0,U,Eddie,8/29/2019 0:00, CATTLE,COLIBACILLOSIS,5,NO,NO,NO,NP,NO,NO,NO,NO,NO,P,NO,NO,NO,P,P,0,0,1,0,0,1,0,0,1,1,0,0,0,0,1,0,0,1,0,0,1,0,0,1,0,0,1,0,1,0,0,0,1,0,0,1,0,0,1,0,1,0,0,1,0,0.17,8.67,1.05,14.4,14.89,7.12,0.3,11.56,0.74,7.57,1.44,14.89,0.02,9.27,7.9,0.0
1113,0,87,D,Eddie,3/6/2019 0:00, CATTLE,COWDRIOSIS,6,NP,P,P,P,NP,NP,P,NP,NP,P,NP,NP,NP,P,NP,1,0,0,0,1,0,0,1,0,0,1,0,1,0,0,1,0,0,0,1,0,1,0,0,1,0,0,0,1,0,1,0,0,1,0,0,1,0,0,0,1,0,1,0,0,0.46,0.04,1.2,0.07,0.0,70.6,0.0,1.02,0.0,0.07,0.97,0.05,25.52,0.0,0.0,0.0
244,0,22,M,Eddie,1/15/2019 0:00, CATTLE,COWDRIOSIS,6,NP,NP,P,NP,NP,NP,NP,NP,P,P,NP,NP,NP,P,NP,1,0,0,1,0,0,0,1,0,1,0,0,1,0,0,1,0,0,1,0,0,1,0,0,0,1,0,0,1,0,1,0,0,1,0,0,1,0,0,0,1,0,1,0,0,0.49,0.06,3.19,0.0,0.0,86.75,0.0,6.56,0.0,2.08,0.38,0.0,0.47,0.0,0.02,0.0
2004,0,63,M,Eddie,6/17/2019 0:00, CATTLE,COWDRIOSIS,6,NP,P,P,NP,NP,NP,NP,NP,NP,P,NP,NP,NP,P,NP,1,0,0,0,1,0,0,1,0,1,0,0,1,0,0,1,0,0,1,0,0,1,0,0,1,0,0,0,1,0,1,0,0,1,0,0,1,0,0,0,1,0,1,0,0,6.37,0.08,12.85,0.01,0.01,39.43,0.0,8.12,0.0,0.61,0.17,0.01,32.34,0.0,0.0,0.0
3571,1,0,U,veteddie_eddie,1/1/2020 0:00, CATTLE,COWDRIOSIS,6,NP,P,P,NP,NP,NP,P,NP,P,P,NP,P,NP,P,P,1,0,0,0,1,0,0,1,0,1,0,0,1,0,0,1,0,0,0,1,0,1,0,0,0,1,0,0,1,0,1,0,0,0,1,0,1,0,0,0,1,0,0,1,0,0.000195502,0.00797983,0.00475133,9.83914,0.00154135,75.3543,2.28e-07,7.40348,2.76e-05,0.0695385,0.102595,2.61237,0.000813194,0.34854,4.25471,1.1e-07
2096,0,0,U,Eddie,7/7/2019 0:00, CATTLE,COWDRIOSIS,6,NP,NP,P,NP,P,NP,NP,NP,NP,P,P,P,NP,P,P,1,0,0,1,0,0,0,1,0,1,0,0,0,1,0,1,0,0,1,0,0,1,0,0,1,0,0,0,1,0,0,1,0,0,1,0,1,0,0,0,1,0,0,1,0,0.0,0.0,0.01,0.04,22.1,39.4,2.12,32.92,2.88,0.04,0.36,0.0,0.0,0.08,0.05,0.0
2037,0,0,U,Eddie,7/4/2019 0:00, CATTLE,COWDRIOSIS,6,P,NP,P,NP,P,NP,P,P,NP,P,P,NP,NP,P,P,0,1,0,1,0,0,0,1,0,1,0,0,0,1,0,1,0,0,0,1,0,0,1,0,1,0,0,0,1,0,0,1,0,1,0,0,1,0,0,0,1,0,0,1,0,0.0,29.18,0.0,0.03,0.02,40.78,17.12,7.91,0.02,0.13,4.76,0.0,0.0,0.04,0.01,0.0
2578,1,0,U,Eddie,10/24/2019 0:00, CATTLE,COWDRIOSIS,6,P,P,P,NO,NO,NP,P,NP,NP,NO,P,NO,NP,P,P,0,1,0,0,1,0,0,1,0,0,0,1,0,0,1,1,0,0,0,1,0,1,0,0,1,0,0,0,0,1,0,1,0,0,0,1,1,0,0,0,1,0,0,1,0,0.0,2.29,0.01,2.26,0.05,76.32,0.01,13.1,0.95,0.28,3.8,0.22,0.0,0.48,0.23,0.0
883,0,0,U,Eddie,2/14/2019 0:00, CATTLE,COWDRIOSIS,6,NP,P,P,NP,NP,NP,P,NP,P,P,P,NP,NP,P,P,1,0,0,0,1,0,0,1,0,1,0,0,1,0,0,1,0,0,0,1,0,1,0,0,0,1,0,0,1,0,0,1,0,1,0,0,1,0,0,0,1,0,0,1,0,0.0,0.03,0.05,4.51,0.0,74.87,0.0,16.1,0.0,2.88,0.16,0.81,0.0,0.04,0.55,0.0
1930,0,0,U,Eddie,5/20/2019 0:00, CATTLE,COWDRIOSIS,6,P,NP,P,P,NP,NP,NP,NP,NP,P,NP,NP,NP,P,P,0,1,0,1,0,0,0,1,0,0,1,0,1,0,0,1,0,0,1,0,0,1,0,0,1,0,0,0,1,0,1,0,0,1,0,0,1,0,0,0,1,0,0,1,0,0.01,4.69,0.13,0.0,0.0,77.39,2.3,8.92,0.02,0.09,6.24,0.0,0.16,0.03,0.01,0.0
952,0,0,U,Eddie,3/21/2019 0:00, CATTLE,COWDRIOSIS,6,P,P,P,P,NO,NP,P,NP,P,P,P,P,NP,P,P,0,1,0,0,1,0,0,1,0,0,1,0,0,0,1,1,0,0,0,1,0,1,0,0,0,1,0,0,1,0,0,1,0,0,1,0,1,0,0,0,1,0,0,1,0,0.0,0.13,0.0,0.9,0.0,66.65,0.2,6.8,0.01,0.02,0.05,0.05,0.0,22.76,2.43,0.0
473,0,0,U,Eddie,1/31/2019 0:00, CATTLE,COWDRIOSIS,6,NP,P,P,P,NP,NP,P,NO,NP,NP,P,NO,NP,P,NO,1,0,0,0,1,0,0,1,0,0,1,0,1,0,0,1,0,0,0,1,0,0,0,1,1,0,0,1,0,0,0,1,0,0,0,1,1,0,0,0,1,0,0,0,1,0.1,0.28,0.63,1.73,0.0,63.87,1.27,4.6,0.52,0.22,17.36,0.17,8.43,0.04,0.78,0.0
2104,0,0,U,Eddie,7/8/2019 0:00, CATTLE,COWDRIOSIS,6,NP,P,P,P,NP,NP,NP,NP,P,P,P,NP,NP,P,P,1,0,0,0,1,0,0,1,0,0,1,0,1,0,0,1,0,0,1,0,0,1,0,0,0,1,0,0,1,0,0,1,0,1,0,0,1,0,0,0,1,0,0,1,0,0.02,0.03,2.07,0.04,0.01,49.98,0.01,45.53,0.0,2.14,0.03,0.01,0.01,0.09,0.03,0.0
818,0,66,D,Eddie,2/7/2019 0:00, CATTLE,FASCIOLOSIS,7,P,NP,NP,NP,NP,NP,NP,NP,NP,NP,P,P,P,P,P,0,1,0,1,0,0,1,0,0,1,0,0,1,0,0,1,0,0,1,0,0,1,0,0,1,0,0,1,0,0,0,1,0,0,1,0,0,1,0,0,1,0,0,1,0,0.0,0.0,0.0,0.0,0.0,0.0,33.49,0.01,66.16,0.0,0.26,0.0,0.0,0.06,0.01,0.0
1453,0,119,D,Eddie,4/15/2019 0:00, CATTLE,FASCIOLOSIS,7,P,NP,NP,NP,NP,NP,NP,NP,NO,NP,P,NP,P,P,P,0,1,0,1,0,0,1,0,0,1,0,0,1,0,0,1,0,0,1,0,0,1,0,0,0,0,1,1,0,0,0,1,0,1,0,0,0,1,0,0,1,0,0,1,0,0.0,0.13,0.0,0.0,0.0,0.0,71.5,0.18,15.48,0.62,11.04,0.03,0.0,0.88,0.13,0.0
514,0,45,D,Eddie,3/18/2019 0:00, CATTLE,FASCIOLOSIS,7,P,NP,NO,NP,P,NP,NP,NP,P,NP,P,NP,P,P,P,0,1,0,1,0,0,0,0,1,1,0,0,0,1,0,1,0,0,1,0,0,1,0,0,0,1,0,1,0,0,0,1,0,1,0,0,0,1,0,0,1,0,0,1,0,0.0,0.0,0.0,0.0,0.01,0.06,90.54,0.13,5.81,0.27,2.3,0.0,0.0,0.87,0.01,0.0
1798,1,134,D,Eddie,3/19/2019 0:00, CATTLE,FASCIOLOSIS,7,P,NP,NP,NP,P,NP,NP,NP,NP,NP,NP,NP,P,P,P,0,1,0,1,0,0,1,0,0,1,0,0,0,1,0,1,0,0,1,0,0,1,0,0,1,0,0,1,0,0,1,0,0,1,0,0,0,1,0,0,1,0,0,1,0,0.0,0.01,0.0,0.0,0.02,0.0,57.78,0.02,27.52,0.01,14.64,0.0,0.0,0.0,0.0,0.0
5420,1,27,M,veteddie_eddie,5/28/2020 0:00, CATTLE,FASCIOLOSIS,7,NP,NP,NP,NP,NP,NP,NP,NP,NP,NP,NP,NP,P,NP,NP,1,0,0,1,0,0,1,0,0,1,0,0,1,0,0,1,0,0,1,0,0,1,0,0,1,0,0,1,0,0,1,0,0,1,0,0,0,1,0,1,0,0,1,0,0,6.96867,0.00140462,0.235842,0.000187358,1.95e-05,0.00108375,0.351162,0.0104596,0.0187593,0.0804793,43.0999,0.00873247,49.223,4.35e-06,0.000191992,0.000143475
2704,1,0,U,Eddie,11/25/2019 0:00, CATTLE,FASCIOLOSIS,7,NO,NP,NP,NP,NP,NP,NP,NO,NP,NP,P,P,P,NP,P,0,0,1,1,0,0,1,0,0,1,0,0,1,0,0,1,0,0,1,0,0,0,0,1,1,0,0,1,0,0,0,1,0,0,1,0,0,1,0,1,0,0,0,1,0,0.0,0.0,0.0,0.0,0.0,0.0,82.24,0.01,16.4,0.0,1.3,0.01,0.0,0.01,0.01,0.0
2264,1,0,U,Eddie,4/24/2019 0:00, CATTLE,FASCIOLOSIS,7,P,NO,NP,NP,P,NP,NO,P,P,P,P,NO,P,P,P,0,1,0,0,0,1,1,0,0,1,0,0,0,1,0,1,0,0,0,0,1,0,1,0,0,1,0,0,1,0,0,1,0,0,0,1,0,1,0,0,1,0,0,1,0,0.0,1.04,0.0,0.04,0.06,0.01,93.23,1.12,0.11,0.85,0.13,0.12,0.0,3.27,0.02,0.0
2140,1,0,U,Eddie,7/12/2019 0:00, CATTLE,FASCIOLOSIS,7,P,NP,NP,P,NP,NP,NP,NP,P,P,P,NP,P,P,P,0,1,0,1,0,0,1,0,0,0,1,0,1,0,0,1,0,0,1,0,0,1,0,0,0,1,0,0,1,0,0,1,0,1,0,0,0,1,0,0,1,0,0,1,0,0.0,0.94,0.13,0.02,0.0,0.07,86.4,2.61,0.21,2.98,2.1,0.16,0.0,4.12,0.26,0.0
312,0,0,U,Eddie,1/23/2019 0:00, CATTLE,FASCIOLOSIS,7,NO,NO,NP,P,NO,NO,NO,P,P,NO,P,P,P,P,P,0,0,1,0,0,1,1,0,0,0,1,0,0,0,1,0,0,1,0,0,1,0,1,0,0,1,0,0,0,1,0,1,0,0,1,0,0,1,0,0,1,0,0,1,0,0.0,0.07,0.0,0.1,0.01,0.0,97.96,0.13,0.34,0.01,0.02,0.33,0.0,0.71,0.11,0.2
1002,0,0,U,Eddie,2/20/2019 0:00, CATTLE,FASCIOLOSIS,7,P,P,NP,NP,NP,NP,NP,NP,NO,NP,P,NP,P,P,P,0,1,0,0,1,0,1,0,0,1,0,0,1,0,0,1,0,0,1,0,0,1,0,0,0,0,1,1,0,0,0,1,0,1,0,0,0,1,0,0,1,0,0,1,0,0.01,0.76,0.12,0.05,0.01,0.02,50.92,2.57,22.89,7.58,9.55,0.41,0.0,5.02,0.09,0.0
2098,0,0,U,Eddie,7/7/2019 0:00, CATTLE,FASCIOLOSIS,7,NP,NP,NP,NP,P,NP,NP,NP,P,P,P,P,P,P,P,1,0,0,1,0,0,1,0,0,1,0,0,0,1,0,1,0,0,1,0,0,1,0,0,0,1,0,0,1,0,0,1,0,0,1,0,0,1,0,0,1,0,0,1,0,0.0,0.0,0.01,0.17,3.81,0.07,67.13,7.28,11.23,0.92,0.58,1.43,0.0,5.75,1.63,0.0
56,0,0,U,Eddie,12/14/2018 0:00, CATTLE,FASCIOLOSIS,7,P,NP,NP,NP,NP,NP,NP,NP,P,NP,P,NP,P,P,P,0,1,0,1,0,0,1,0,0,1,0,0,1,0,0,1,0,0,1,0,0,1,0,0,0,1,0,1,0,0,0,1,0,1,0,0,0,1,0,0,1,0,0,1,0,0.0,0.2,0.01,0.01,0.0,0.01,81.35,0.47,1.76,2.33,9.35,0.05,0.0,3.91,0.56,0.0
926,0,0,U,Eddie,2/16/2019 0:00, CATTLE,FASCIOLOSIS,7,P,P,P,P,NP,NP,P,P,P,P,P,P,P,P,P,0,1,0,0,1,0,0,1,0,0,1,0,1,0,0,1,0,0,0,1,0,0,1,0,0,1,0,0,1,0,0,1,0,0,1,0,0,1,0,0,1,0,0,1,0,0.0,0.63,0.0,0.08,0.0,2.22,94.25,1.32,0.0,0.0,0.02,0.18,0.0,1.18,0.04,0.06
1283,0,0,U,Eddie,3/25/2019 0:00, CATTLE,FASCIOLOSIS,7,P,P,P,NP,P,NP,P,NP,P,NP,P,P,P,P,P,0,1,0,0,1,0,0,1,0,1,0,0,0,1,0,1,0,0,0,1,0,1,0,0,0,1,0,1,0,0,0,1,0,0,1,0,0,1,0,0,1,0,0,1,0,0.0,0.0,0.0,0.03,0.0,2.04,85.09,0.58,5.07,0.01,0.87,0.11,0.0,6.02,0.18,0.0
724,0,8,D,Eddie,2/6/2019 0:00, CATTLE,FMD,8,NP,P,P,NP,NP,NP,NP,NP,NP,P,P,P,NP,P,P,1,0,0,0,1,0,0,1,0,1,0,0,1,0,0,1,0,0,1,0,0,1,0,0,1,0,0,0,1,0,0,1,0,0,1,0,1,0,0,0,1,0,0,1,0,0.02,0.02,0.21,0.72,0.42,31.35,0.04,66.88,0.03,0.09,0.03,0.09,0.01,0.05,0.04,0.0
1306,0,43,D,Eddie,3/14/2019 0:00, CATTLE,FMD,8,P,P,NP,NP,NP,NP,NP,NP,NP,P,P,NP,NP,P,P,0,1,0,0,1,0,1,0,0,1,0,0,1,0,0,1,0,0,1,0,0,1,0,0,1,0,0,0,1,0,0,1,0,1,0,0,1,0,0,0,1,0,0,1,0,0.37,31.2,4.16,0.67,0.3,0.48,0.11,43.57,0.09,16.99,0.88,0.11,0.01,1.03,0.03,0.0
723,0,8,D,Eddie,2/6/2019 0:00, CATTLE,FMD,8,NP,P,P,NP,NP,NP,NP,NP,NP,P,P,P,NP,P,P,1,0,0,0,1,0,0,1,0,1,0,0,1,0,0,1,0,0,1,0,0,1,0,0,1,0,0,0,1,0,0,1,0,0,1,0,1,0,0,0,1,0,0,1,0,0.02,0.02,0.21,0.72,0.42,31.35,0.04,66.88,0.03,0.09,0.03,0.09,0.01,0.05,0.04,0.0
768,0,43,D,Eddie,2/6/2019 0:00, CATTLE,FMD,8,P,P,NP,NP,NP,NP,NP,NP,NP,P,P,NP,NP,P,P,0,1,0,0,1,0,1,0,0,1,0,0,1,0,0,1,0,0,1,0,0,1,0,0,1,0,0,0,1,0,0,1,0,1,0,0,1,0,0,0,1,0,0,1,0,0.37,31.2,4.16,0.67,0.3,0.48,0.11,43.57,0.09,16.99,0.88,0.11,0.01,1.03,0.03,0.0
3710,1,20,M,veteddie_eddie,1/1/2020 0:00, CATTLE,FMD,8,NP,P,NP,NP,NP,NP,NP,NP,NP,P,P,NP,NP,P,P,1,0,0,0,1,0,1,0,0,1,0,0,1,0,0,1,0,0,1,0,0,1,0,0,1,0,0,0,1,0,0,1,0,1,0,0,1,0,0,0,1,0,0,1,0,1.01872,0.003517,0.0350309,0.00790807,1.25e-06,0.0056359,3.43e-05,0.0034121,0.000123007,0.0339641,47.5552,0.00385855,51.3245,7.66e-06,0.00810368,9.8e-07
1904,0,145,M,Eddie,5/13/2019 0:00, CATTLE,FMD,8,NP,P,NP,NP,NP,NP,NP,NP,NP,P,P,P,NP,P,P,1,0,0,0,1,0,1,0,0,1,0,0,1,0,0,1,0,0,1,0,0,1,0,0,1,0,0,0,1,0,0,1,0,0,1,0,1,0,0,0,1,0,0,1,0,0.42,0.2,4.67,16.25,4.11,0.47,0.08,66.6,0.74,2.14,0.2,1.99,0.01,1.16,0.96,0.0
4194,1,20,M,veteddie_eddie,1/14/2020 0:00, CATTLE,FMD,8,NP,P,NP,NP,NP,NP,NP,NP,NP,P,P,NP,NP,P,P,1,0,0,0,1,0,1,0,0,1,0,0,1,0,0,1,0,0,1,0,0,1,0,0,1,0,0,0,1,0,0,1,0,1,0,0,1,0,0,0,1,0,0,1,0,4.92013,0.624404,23.6337,2.34934,0.759158,0.337564,0.00279034,40.9783,0.0132369,25.0875,0.536642,0.597254,0.0876527,0.0331833,0.0391152,6.78e-12
220,0,19,M,Eddie,1/11/2019 0:00, CATTLE,FMD,8,NO,P,NO,NO,NO,NO,NO,NO,NO,P,NO,NO,NO,P,NO,0,0,1,0,1,0,0,0,1,0,0,1,0,0,1,0,0,1,0,0,1,0,0,1,0,0,1,0,1,0,0,0,1,0,0,1,0,0,1,0,1,0,0,0,1,2.21,9.69,10.38,11.55,12.35,9.69,1.13,11.12,0.39,9.85,0.65,11.94,0.32,6.47,2.25,0.02
4139,1,177,M,veteddie_eddie,1/29/2020 0:00, CATTLE,FMD,8,NP,P,NP,NP,NP,NP,NP,NP,NP,P,P,NP,NP,P,NP,1,0,0,0,1,0,1,0,0,1,0,0,1,0,0,1,0,0,1,0,0,1,0,0,1,0,0,0,1,0,0,1,0,1,0,0,1,0,0,0,1,0,1,0,0,22.8405,0.120484,67.4509,0.0616507,0.0199216,0.0929609,4.56e-05,3.27627,0.000216245,5.65265,0.0609507,0.015673,0.406905,0.000234315,0.000639008,6.43e-12
3069,0,199,M,veteddie_eddie,2/10/2020 0:00, CATTLE,FMD,8,NP,P,NP,NP,NP,NP,NP,NP,P,NP,NP,NP,NP,NP,NP,1,0,0,0,1,0,1,0,0,1,0,0,1,0,0,1,0,0,1,0,0,1,0,0,0,1,0,1,0,0,1,0,0,1,0,0,1,0,0,1,0,0,1,0,0,10.9074,0.0132138,14.1793,0.00430805,0.000353098,0.0302203,3.34e-05,0.326013,3.01e-05,5.41126,1.97351,0.00147892,67.1416,0.0033125,0.00789923,1.89e-07
706,0,0,U,Eddie,2/5/2019 0:00, CATTLE,FMD,8,P,P,P,NP,NP,NP,NP,NP,NO,P,P,P,NP,P,P,0,1,0,0,1,0,0,1,0,1,0,0,1,0,0,1,0,0,1,0,0,1,0,0,0,0,1,0,1,0,0,1,0,0,1,0,1,0,0,0,1,0,0,1,0,0.0,0.44,0.02,0.12,0.06,31.89,0.2,48.23,0.07,0.11,0.02,0.01,0.0,18.66,0.17,0.0
2619,0,0,U,Eddie,11/5/2019 0:00, CATTLE,FMD,8,NP,P,P,P,NP,NP,NP,NP,NP,P,P,NP,NP,P,NP,1,0,0,0,1,0,0,1,0,0,1,0,1,0,0,1,0,0,1,0,0,1,0,0,1,0,0,0,1,0,0,1,0,1,0,0,1,0,0,0,1,0,1,0,0,4.15,0.05,36.46,0.0,0.0,41.79,0.0,12.05,0.0,0.44,0.07,0.0,4.97,0.0,0.0,0.0
964,0,0,U,Eddie,3/22/2019 0:00, CATTLE,FMD,8,NP,P,P,P,NP,NP,NP,P,P,P,P,NO,NP,P,P,1,0,0,0,1,0,0,1,0,0,1,0,1,0,0,1,0,0,1,0,0,0,1,0,0,1,0,0,1,0,0,1,0,0,0,1,1,0,0,0,1,0,0,1,0,0.0,1.45,0.34,0.05,0.01,25.68,0.54,69.69,0.0,1.59,0.01,0.0,0.0,0.6,0.04,0.0
958,0,0,U,Eddie,3/21/2019 0:00, CATTLE,FMD,8,NO,NO,NP,NP,NP,NP,NP,NP,NP,P,P,P,NP,P,P,0,0,1,0,0,1,1,0,0,1,0,0,1,0,0,1,0,0,1,0,0,1,0,0,1,0,0,0,1,0,0,1,0,0,1,0,1,0,0,0,1,0,0,1,0,0.29,2.68,3.11,11.59,2.93,0.52,0.69,59.35,3.0,1.75,0.5,1.37,0.0,9.97,2.22,0.0
1524,0,36,D,Eddie,4/23/2019 0:00, CATTLE,GI_PARASITE,9,P,NP,NP,NP,P,NP,NP,NP,NP,NP,P,P,NP,P,P,0,1,0,1,0,0,1,0,0,1,0,0,0,1,0,1,0,0,1,0,0,1,0,0,1,0,0,1,0,0,0,1,0,0,1,0,1,0,0,0,1,0,0,1,0,0.0,0.0,0.0,0.0,0.1,0.0,1.58,0.03,97.64,0.0,0.15,0.0,0.0,0.48,0.01,0.0
125,0,9,D,Eddie,12/23/2018 0:00, CATTLE,GI_PARASITE,9,NP,P,NP,NP,P,NP,NP,NP,NP,NP,P,P,NP,P,P,1,0,0,0,1,0,1,0,0,1,0,0,0,1,0,1,0,0,1,0,0,1,0,0,1,0,0,1,0,0,0,1,0,0,1,0,1,0,0,0,1,0,0,1,0,0.0,0.0,0.02,0.06,23.38,0.01,0.36,1.52,73.94,0.07,0.28,0.0,0.0,0.32,0.04,0.0
708,0,36,D,Eddie,2/5/2019 0:00, CATTLE,GI_PARASITE,9,P,NP,NP,NP,P,NP,NP,NP,NP,NP,P,P,NP,P,P,0,1,0,1,0,0,1,0,0,1,0,0,0,1,0,1,0,0,1,0,0,1,0,0,1,0,0,1,0,0,0,1,0,0,1,0,1,0,0,0,1,0,0,1,0,0.0,0.0,0.0,0.0,0.1,0.0,1.58,0.03,97.64,0.0,0.15,0.0,0.0,0.48,0.01,0.0
1599,0,1,D,Eddie,5/7/2019 0:00, CATTLE,GI_PARASITE,9,P,P,NP,NP,NP,NP,NP,NP,NP,NP,P,P,NP,P,P,0,1,0,0,1,0,1,0,0,1,0,0,1,0,0,1,0,0,1,0,0,1,0,0,1,0,0,1,0,0,0,1,0,0,1,0,1,0,0,0,1,0,0,1,0,0.0,0.76,0.06,0.35,0.12,0.05,2.13,4.04,70.76,0.18,0.89,0.02,0.0,20.06,0.59,0.0
939,0,1,D,Eddie,2/19/2019 0:00, CATTLE,GI_PARASITE,9,P,P,NP,NP,NP,NP,NP,NP,NP,NP,P,P,NP,P,P,0,1,0,0,1,0,1,0,0,1,0,0,1,0,0,1,0,0,1,0,0,1,0,0,1,0,0,1,0,0,0,1,0,0,1,0,1,0,0,0,1,0,0,1,0,0.0,0.76,0.06,0.35,0.12,0.05,2.13,4.04,70.76,0.18,0.89,0.02,0.0,20.06,0.59,0.0
166,0,14,D,Eddie,12/31/2018 0:00, CATTLE,GI_PARASITE,9,NP,P,NP,NP,NP,NP,NP,NP,NP,NP,NP,P,NP,P,P,1,0,0,0,1,0,1,0,0,1,0,0,1,0,0,1,0,0,1,0,0,1,0,0,1,0,0,1,0,0,1,0,0,0,1,0,1,0,0,0,1,0,0,1,0,0.29,0.22,3.55,7.88,3.82,0.52,1.19,21.81,27.98,1.5,19.67,1.85,1.89,2.92,4.91,0.0
1497,0,69,D,Eddie,4/22/2019 0:00, CATTLE,GI_PARASITE,9,P,NP,NP,NP,P,NP,NP,NP,NP,NP,P,NP,NP,P,P,0,1,0,1,0,0,1,0,0,1,0,0,0,1,0,1,0,0,1,0,0,1,0,0,1,0,0,1,0,0,0,1,0,1,0,0,1,0,0,0,1,0,0,1,0,0.0,0.23,0.01,0.0,0.79,0.03,8.23,0.8,72.42,0.5,16.39,0.0,0.0,0.58,0.02,0.0
1547,0,40,D,Eddie,5/1/2019 0:00, CATTLE,GI_PARASITE,9,P,P,NP,NP,P,NP,NP,NP,NP,NP,P,P,NP,P,P,0,1,0,0,1,0,1,0,0,1,0,0,0,1,0,1,0,0,1,0,0,1,0,0,1,0,0,1,0,0,0,1,0,0,1,0,1,0,0,0,1,0,0,1,0,0.0,0.01,0.0,0.0,1.7,0.0,0.74,0.29,95.34,0.01,0.08,0.0,0.0,1.82,0.01,0.0
1577,0,11,D,Eddie,5/3/2019 0:00, CATTLE,GI_PARASITE,9,P,P,NP,NP,P,NP,NP,NP,NP,NP,P,NP,NP,P,P,0,1,0,0,1,0,1,0,0,1,0,0,0,1,0,1,0,0,1,0,0,1,0,0,1,0,0,1,0,0,0,1,0,1,0,0,1,0,0,0,1,0,0,1,0,0.01,0.79,0.1,0.02,11.66,0.1,3.46,6.71,63.21,3.64,8.36,0.0,0.0,1.94,0.01,0.0
3916,1,1,D,veteddie_eddie,12/2/2019 0:00, CATTLE,GI_PARASITE,9,P,P,NP,NP,NP,NP,NP,NP,NP,NP,P,P,NP,P,P,0,1,0,0,1,0,1,0,0,1,0,0,1,0,0,1,0,0,1,0,0,1,0,0,1,0,0,1,0,0,0,1,0,0,1,0,1,0,0,0,1,0,0,1,0,0.00142133,0.716831,0.0587006,0.332302,0.117584,0.0477702,7.4604,3.816,66.9025,0.167011,0.840923,0.0155676,0.000606673,18.9659,0.556483,4.11e-09
1392,0,114,D,Eddie,4/4/2019 0:00, CATTLE,GI_PARASITE,9,P,NP,NP,NP,P,NP,NP,NP,NO,NP,P,NP,NP,P,P,0,1,0,1,0,0,1,0,0,1,0,0,0,1,0,1,0,0,1,0,0,1,0,0,0,0,1,1,0,0,0,1,0,1,0,0,1,0,0,0,1,0,0,1,0,0.0,0.26,0.01,0.0,0.71,0.05,8.13,1.37,55.07,2.14,14.92,0.0,0.0,17.08,0.25,0.0
376,0,36,D,Eddie,1/21/2019 0:00, CATTLE,GI_PARASITE,9,P,NP,NP,NP,P,NP,NP,NP,NP,NP,P,P,NP,P,P,0,1,0,1,0,0,1,0,0,1,0,0,0,1,0,1,0,0,1,0,0,1,0,0,1,0,0,1,0,0,0,1,0,0,1,0,1,0,0,0,1,0,0,1,0,0.0,0.0,0.0,0.0,0.1,0.0,1.58,0.03,97.64,0.0,0.15,0.0,0.0,0.48,0.01,0.0
1467,0,69,D,Eddie,4/15/2019 0:00, CATTLE,GI_PARASITE,9,P,NP,NP,NP,P,NP,NP,NP,NP,NP,P,NP,NP,P,P,0,1,0,1,0,0,1,0,0,1,0,0,0,1,0,1,0,0,1,0,0,1,0,0,1,0,0,1,0,0,0,1,0,1,0,0,1,0,0,0,1,0,0,1,0,0.0,0.23,0.01,0.0,0.79,0.03,8.23,0.8,72.42,0.5,16.39,0.0,0.0,0.58,0.02,0.0
2865,1,205,D,veteddie_eddie,2/27/2020 0:00, CATTLE,GI_PARASITE,9,P,NP,NP,NP,P,NP,NP,NP,NP,NP,P,P,NP,NP,P,0,1,0,1,0,0,1,0,0,1,0,0,0,1,0,1,0,0,1,0,0,1,0,0,1,0,0,1,0,0,0,1,0,0,1,0,1,0,0,1,0,0,0,1,0,8.74e-05,0.00242451,8.72e-05,0.000291218,0.0607433,0.00133664,5.55758,0.047489,92.4907,0.00197285,1.36865,1.36e-05,9.41e-05,0.457899,0.0106294,6.28e-06
1496,0,40,D,Eddie,4/22/2019 0:00, CATTLE,GI_PARASITE,9,P,P,NP,NP,P,NP,NP,NP,NP,NP,P,P,NP,P,P,0,1,0,0,1,0,1,0,0,1,0,0,0,1,0,1,0,0,1,0,0,1,0,0,1,0,0,1,0,0,0,1,0,0,1,0,1,0,0,0,1,0,0,1,0,0.0,0.01,0.0,0.0,1.7,0.0,0.74,0.29,95.34,0.01,0.08,0.0,0.0,1.82,0.01,0.0
1561,0,36,D,Eddie,5/2/2019 0:00, CATTLE,GI_PARASITE,9,P,NP,NP,NP,P,NP,NP,NP,NP,NP,P,P,NP,P,P,0,1,0,1,0,0,1,0,0,1,0,0,0,1,0,1,0,0,1,0,0,1,0,0,1,0,0,1,0,0,0,1,0,0,1,0,1,0,0,0,1,0,0,1,0,0.0,0.0,0.0,0.0,0.1,0.0,1.58,0.03,97.64,0.0,0.15,0.0,0.0,0.48,0.01,0.0
1450,0,40,D,Eddie,4/12/2019 0:00, CATTLE,GI_PARASITE,9,P,P,NP,NP,P,NP,NP,NP,NP,NP,P,P,NP,P,P,0,1,0,0,1,0,1,0,0,1,0,0,0,1,0,1,0,0,1,0,0,1,0,0,1,0,0,1,0,0,0,1,0,0,1,0,1,0,0,0,1,0,0,1,0,0.0,0.01,0.0,0.0,1.7,0.0,0.74,0.29,95.34,0.01,0.08,0.0,0.0,1.82,0.01,0.0
1598,0,40,D,Eddie,5/7/2019 0:00, CATTLE,GI_PARASITE,9,P,P,NP,NP,P,NP,NP,NP,NP,NP,P,P,NP,P,P,0,1,0,0,1,0,1,0,0,1,0,0,0,1,0,1,0,0,1,0,0,1,0,0,1,0,0,1,0,0,0,1,0,0,1,0,1,0,0,0,1,0,0,1,0,0.0,0.01,0.0,0.0,1.7,0.0,0.74,0.29,95.34,0.01,0.08,0.0,0.0,1.82,0.01,0.0
3,0,1,D,Eddie,1/14/2019 0:00, CATTLE,GI_PARASITE,9,P,P,NP,NP,NP,NP,NP,NP,NP,NP,P,P,NP,P,P,0,1,0,0,1,0,1,0,0,1,0,0,1,0,0,1,0,0,1,0,0,1,0,0,1,0,0,1,0,0,0,1,0,0,1,0,1,0,0,0,1,0,0,1,0,0.0,0.76,0.06,0.35,0.12,0.05,2.13,4.04,70.76,0.18,0.89,0.02,0.0,20.06,0.59,0.0
1973,0,1,D,Eddie,6/6/2019 0:00, CATTLE,GI_PARASITE,9,P,P,NP,NP,NP,NP,NP,NP,NP,NP,P,P,NP,P,P,0,1,0,0,1,0,1,0,0,1,0,0,1,0,0,1,0,0,1,0,0,1,0,0,1,0,0,1,0,0,0,1,0,0,1,0,1,0,0,0,1,0,0,1,0,0.0,0.76,0.06,0.35,0.12,0.05,2.13,4.04,70.76,0.18,0.89,0.02,0.0,20.06,0.59,0.0
1788,0,11,D,Eddie,3/18/2019 0:00, CATTLE,GI_PARASITE,9,P,P,NP,NP,P,NP,NP,NP,NP,NP,P,NP,NP,P,P,0,1,0,0,1,0,1,0,0,1,0,0,0,1,0,1,0,0,1,0,0,1,0,0,1,0,0,1,0,0,0,1,0,1,0,0,1,0,0,0,1,0,0,1,0,0.01,0.79,0.1,0.02,11.66,0.1,3.46,6.71,63.21,3.64,8.36,0.0,0.0,1.94,0.01,0.0
3668,1,71,D,veteddie_eddie,1/6/2020 0:00, CATTLE,GI_PARASITE,9,P,NP,NP,NP,NP,NP,NP,NP,NP,NP,P,P,NP,NP,P,0,1,0,1,0,0,1,0,0,1,0,0,1,0,0,1,0,0,1,0,0,1,0,0,1,0,0,1,0,0,0,1,0,0,1,0,1,0,0,1,0,0,0,1,0,0.00915309,0.254052,0.00913676,0.0305152,0.00418473,0.0169302,14.932,0.614226,64.473,0.0392424,13.7505,0.00142957,0.0098554,4.74194,1.1138,2.28e-06
1527,0,40,D,Eddie,4/23/2019 0:00, CATTLE,GI_PARASITE,9,P,P,NP,NP,P,NP,NP,NP,NP,NP,P,P,NP,P,P,0,1,0,0,1,0,1,0,0,1,0,0,0,1,0,1,0,0,1,0,0,1,0,0,1,0,0,1,0,0,0,1,0,0,1,0,1,0,0,0,1,0,0,1,0,0.0,0.01,0.0,0.0,1.7,0.0,0.74,0.29,95.34,0.01,0.08,0.0,0.0,1.82,0.01,0.0
884,0,69,D,Eddie,2/8/2019 0:00, CATTLE,GI_PARASITE,9,P,NP,NP,NP,P,NP,NP,NP,NP,NP,P,NP,NP,P,P,0,1,0,1,0,0,1,0,0,1,0,0,0,1,0,1,0,0,1,0,0,1,0,0,1,0,0,1,0,0,0,1,0,1,0,0,1,0,0,0,1,0,0,1,0,0.0,0.23,0.01,0.0,0.79,0.03,8.23,0.8,72.42,0.5,16.39,0.0,0.0,0.58,0.02,0.0
2607,1,191,D,Eddie,10/31/2019 0:00, CATTLE,GI_PARASITE,9,P,P,NP,NP,NP,NP,NP,NP,NP,NP,P,P,NP,NP,P,0,1,0,0,1,0,1,0,0,1,0,0,1,0,0,1,0,0,1,0,0,1,0,0,1,0,0,1,0,0,0,1,0,0,1,0,1,0,0,1,0,0,0,1,0,0.06,0.92,0.14,0.3,0.07,0.06,6.75,5.56,60.52,0.3,7.55,0.01,0.1,17.16,0.5,0.0
1482,0,36,D,Eddie,4/22/2019 0:00, CATTLE,GI_PARASITE,9,P,NP,NP,NP,P,NP,NP,NP,NP,NP,P,P,NP,P,P,0,1,0,1,0,0,1,0,0,1,0,0,0,1,0,1,0,0,1,0,0,1,0,0,1,0,0,1,0,0,0,1,0,0,1,0,1,0,0,0,1,0,0,1,0,0.0,0.0,0.0,0.0,0.1,0.0,1.58,0.03,97.64,0.0,0.15,0.0,0.0,0.48,0.01,0.0
1592,0,40,D,Eddie,5/7/2019 0:00, CATTLE,GI_PARASITE,9,P,P,NP,NP,P,NP,NP,NP,NP,NP,P,P,NP,P,P,0,1,0,0,1,0,1,0,0,1,0,0,0,1,0,1,0,0,1,0,0,1,0,0,1,0,0,1,0,0,0,1,0,0,1,0,1,0,0,0,1,0,0,1,0,0.0,0.01,0.0,0.0,1.7,0.0,0.74,0.29,95.34,0.01,0.08,0.0,0.0,1.82,0.01,0.0
1446,0,11,D,Eddie,4/12/2019 0:00, CATTLE,GI_PARASITE,9,P,P,NP,NP,P,NP,NP,NP,NP,NP,P,NP,NP,P,P,0,1,0,0,1,0,1,0,0,1,0,0,0,1,0,1,0,0,1,0,0,1,0,0,1,0,0,1,0,0,0,1,0,1,0,0,1,0,0,0,1,0,0,1,0,0.01,0.79,0.1,0.02,11.66,0.1,3.46,6.71,63.21,3.64,8.36,0.0,0.0,1.94,0.01,0.0
772,0,36,D,Eddie,2/6/2019 0:00, CATTLE,GI_PARASITE,9,P,NP,NP,NP,P,NP,NP,NP,NP,NP,P,P,NP,P,P,0,1,0,1,0,0,1,0,0,1,0,0,0,1,0,1,0,0,1,0,0,1,0,0,1,0,0,1,0,0,0,1,0,0,1,0,1,0,0,0,1,0,0,1,0,0.0,0.0,0.0,0.0,0.1,0.0,1.58,0.03,97.64,0.0,0.15,0.0,0.0,0.48,0.01,0.0
1589,0,1,D,Eddie,5/6/2019 0:00, CATTLE,GI_PARASITE,9,P,P,NP,NP,NP,NP,NP,NP,NP,NP,P,P,NP,P,P,0,1,0,0,1,0,1,0,0,1,0,0,1,0,0,1,0,0,1,0,0,1,0,0,1,0,0,1,0,0,0,1,0,0,1,0,1,0,0,0,1,0,0,1,0,0.0,0.76,0.06,0.35,0.12,0.05,2.13,4.04,70.76,0.18,0.89,0.02,0.0,20.06,0.59,0.0
3100,0,107,M,veteddie_eddie,2/6/2020 0:00, CATTLE,GI_PARASITE,9,NP,NP,NP,NP,NP,NP,NP,NP,NP,NP,P,NP,NP,NP,NP,1,0,0,1,0,0,1,0,0,1,0,0,1,0,0,1,0,0,1,0,0,1,0,0,1,0,0,1,0,0,0,1,0,1,0,0,1,0,0,1,0,0,1,0,0,38.2501,0.017837,4.38555,0.00236487,0.000296163,0.0137623,0.0155982,0.166008,0.0153994,0.893167,15.0487,0.000374274,41.185,0.000179945,0.00560661,1.62e-07
3122,0,104,M,veteddie_eddie,2/6/2020 0:00, CATTLE,GI_PARASITE,9,NP,P,NP,NP,NP,NP,NP,NP,NP,NP,NP,NP,NP,NP,NP,1,0,0,0,1,0,1,0,0,1,0,0,1,0,0,1,0,0,1,0,0,1,0,0,1,0,0,1,0,0,1,0,0,1,0,0,1,0,0,1,0,0,1,0,0,4.093,0.000993698,0.729707,0.000155986,6.03e-05,0.000766699,4.72e-05,0.00901458,4.25e-05,0.0415612,0.312721,7.61e-05,94.8118,3.08e-06,1.7e-05,4.8e-09
3131,0,107,M,veteddie_eddie,2/6/2020 0:00, CATTLE,GI_PARASITE,9,NP,NP,NP,NP,NP,NP,NP,NP,NP,NP,P,NP,NP,NP,NP,1,0,0,1,0,0,1,0,0,1,0,0,1,0,0,1,0,0,1,0,0,1,0,0,1,0,0,1,0,0,0,1,0,1,0,0,1,0,0,1,0,0,1,0,0,38.2501,0.017837,4.38555,0.00236487,0.000296163,0.0137623,0.0155982,0.166008,0.0153994,0.893167,15.0487,0.000374274,41.185,0.000179945,0.00560661,1.62e-07
2129,0,35,M,Eddie,7/12/2019 0:00, CATTLE,GI_PARASITE,9,P,P,NP,NP,P,NP,NP,NP,NP,P,P,P,NP,P,P,0,1,0,0,1,0,1,0,0,1,0,0,0,1,0,1,0,0,1,0,0,1,0,0,1,0,0,0,1,0,0,1,0,0,1,0,1,0,0,0,1,0,0,1,0,0.0,0.23,0.02,0.11,58.13,0.13,0.81,13.33,18.48,0.18,0.08,0.01,0.0,8.48,0.02,0.0
1760,0,10,M,Eddie,6/5/2019 0:00, CATTLE,GI_PARASITE,9,NP,NP,NP,NP,NP,NP,NP,NP,NP,NP,NP,NP,NP,P,P,1,0,0,1,0,0,1,0,0,1,0,0,1,0,0,1,0,0,1,0,0,1,0,0,1,0,0,1,0,0,1,0,0,1,0,0,1,0,0,0,1,0,0,1,0,0.46,0.18,1.07,0.11,0.04,0.1,0.31,1.4,0.5,2.13,91.1,0.05,2.11,0.02,0.41,0.0
796,0,28,M,Eddie,2/7/2019 0:00, CATTLE,GI_PARASITE,9,P,NP,NP,NP,NP,NP,NP,NP,NP,NP,P,P,NP,P,P,0,1,0,1,0,0,1,0,0,1,0,0,1,0,0,1,0,0,1,0,0,1,0,0,1,0,0,1,0,0,0,1,0,0,1,0,1,0,0,0,1,0,0,1,0,0.0,0.23,0.0,0.04,0.01,0.02,5.27,0.5,84.42,0.03,1.81,0.0,0.0,6.21,1.46,0.0
3138,0,118,M,veteddie_eddie,2/6/2020 0:00, CATTLE,GI_PARASITE,9,NP,P,NP,NP,NP,NP,NP,NP,NP,NP,P,NP,NP,NP,P,1,0,0,0,1,0,1,0,0,1,0,0,1,0,0,1,0,0,1,0,0,1,0,0,1,0,0,1,0,0,0,1,0,1,0,0,1,0,0,1,0,0,0,1,0,19.4429,0.113563,8.25619,0.301436,0.0606386,0.0613944,0.146529,6.37871,0.300449,10.4354,24.6962,0.0477063,29.675,0.031307,0.052668,7.35e-09
970,0,68,M,Eddie,2/18/2019 0:00, CATTLE,GI_PARASITE,9,NP,P,NP,NP,P,NP,NP,NP,NP,NP,NP,P,NP,P,P,1,0,0,0,1,0,1,0,0,1,0,0,0,1,0,1,0,0,1,0,0,1,0,0,1,0,0,1,0,0,1,0,0,0,1,0,1,0,0,0,1,0,0,1,0,0.0,0.0,0.03,0.07,55.32,0.04,0.44,1.68,40.01,0.08,1.95,0.02,0.02,0.28,0.05,0.0
930,0,72,M,Eddie,2/18/2019 0:00, CATTLE,GI_PARASITE,9,NP,NP,NP,NP,P,P,NP,NP,NP,NP,P,P,NP,NP,P,1,0,0,1,0,0,1,0,0,1,0,0,0,1,0,0,1,0,1,0,0,1,0,0,1,0,0,1,0,0,0,1,0,0,1,0,1,0,0,1,0,0,0,1,0,0.0,0.0,0.0,0.0,10.01,0.0,0.61,0.05,87.55,0.0,1.76,0.0,0.0,0.01,0.0,0.0
531,0,46,M,Eddie,1/25/2019 0:00, CATTLE,GI_PARASITE,9,NP,P,NP,NP,NP,NP,NP,NP,NP,NP,P,P,NP,P,P,1,0,0,0,1,0,1,0,0,1,0,0,1,0,0,1,0,0,1,0,0,1,0,0,1,0,0,1,0,0,0,1,0,0,1,0,1,0,0,0,1,0,0,1,0,0.11,0.08,1.94,6.75,1.71,0.19,1.02,20.86,54.62,1.43,2.98,0.51,0.05,3.54,4.2,0.0
3575,1,129,M,veteddie_eddie,1/3/2020 0:00, CATTLE,GI_PARASITE,9,NP,NP,NP,NP,P,NP,NP,NP,NP,NP,P,P,NP,P,P,1,0,0,1,0,0,1,0,0,1,0,0,0,1,0,1,0,0,1,0,0,1,0,0,1,0,0,1,0,0,0,1,0,0,1,0,1,0,0,0,1,0,0,1,0,0.000167515,0.000246833,0.00131331,0.00734205,1.7573,0.00476428,3.50767,0.200064,93.6973,0.0104298,0.607001,0.000559472,5.04e-05,0.106146,0.0996667,5.1e-08
2201,0,129,M,Eddie,7/18/2019 0:00, CATTLE,GI_PARASITE,9,NP,NP,NP,NP,P,NP,NP,NP,NP,NP,P,P,NP,P,P,1,0,0,1,0,0,1,0,0,1,0,0,0,1,0,1,0,0,1,0,0,1,0,0,1,0,0,1,0,0,0,1,0,0,1,0,1,0,0,0,1,0,0,1,0,0.0,0.0,0.0,0.01,1.8,0.0,0.97,0.21,96.16,0.01,0.62,0.0,0.0,0.11,0.1,0.0
2958,0,106,M,veteddie_eddie,1/31/2020 0:00, CATTLE,GI_PARASITE,9,NP,NP,NP,NP,P,NP,NP,NP,NP,NP,P,NP,NP,NP,P,1,0,0,1,0,0,1,0,0,1,0,0,0,1,0,1,0,0,1,0,0,1,0,0,1,0,0,1,0,0,0,1,0,1,0,0,1,0,0,1,0,0,0,1,0,0.503777,0.00565185,0.0939509,0.00550996,1.04954,0.0252772,2.27674,1.02849,8.66353,1.27676,84.4907,0.000872028,0.542431,0.0157654,0.0209833,3.02e-06
1422,0,0,U,Eddie,4/11/2019 0:00, CATTLE,GI_PARASITE,9,NP,NP,NP,P,P,NP,NP,NP,NP,NP,NP,NP,NP,NP,P,1,0,0,1,0,0,1,0,0,0,1,0,0,1,0,1,0,0,1,0,0,1,0,0,1,0,0,1,0,0,1,0,0,1,0,0,1,0,0,1,0,0,0,1,0,0.13,0.0,0.05,0.0,0.1,0.01,0.47,0.09,1.83,0.05,89.81,0.0,7.45,0.0,0.0,0.0
713,0,0,U,Eddie,2/5/2019 0:00, CATTLE,GI_PARASITE,9,P,P,NP,NP,P,NP,NP,NP,NO,NP,P,P,NP,P,P,0,1,0,0,1,0,1,0,0,1,0,0,0,1,0,1,0,0,1,0,0,1,0,0,0,0,1,1,0,0,0,1,0,0,1,0,1,0,0,0,1,0,0,1,0,0.0,0.01,0.0,0.0,1.18,0.01,0.57,0.39,56.02,0.03,0.06,0.0,0.0,41.69,0.05,0.0
1358,0,0,U,Eddie,3/26/2019 0:00, CATTLE,GI_PARASITE,9,P,NP,NP,NP,P,NP,NP,NP,NO,NP,NP,P,NP,P,P,0,1,0,1,0,0,1,0,0,1,0,0,0,1,0,1,0,0,1,0,0,1,0,0,0,0,1,1,0,0,1,0,0,0,1,0,1,0,0,0,1,0,0,1,0,0.0,0.01,0.0,0.0,0.39,0.01,3.44,0.11,71.79,0.01,1.65,0.0,0.0,22.27,0.33,0.0
339,0,0,U,Eddie,1/16/2019 0:00, CATTLE,GI_PARASITE,9,P,P,NP,P,NP,NP,NP,NP,NP,P,P,P,NP,P,P,0,1,0,0,1,0,1,0,0,0,1,0,1,0,0,1,0,0,1,0,0,1,0,0,1,0,0,0,1,0,0,1,0,0,1,0,1,0,0,0,1,0,0,1,0,0.02,5.92,1.44,1.19,0.42,0.64,3.7,37.11,13.66,0.37,0.33,0.09,0.0,34.66,0.44,0.0
2139,0,0,U,Eddie,7/12/2019 0:00, CATTLE,GI_PARASITE,9,NP,NP,NP,P,NP,NP,NP,NP,NP,NP,P,P,NP,P,P,1,0,0,1,0,0,1,0,0,0,1,0,1,0,0,1,0,0,1,0,0,1,0,0,1,0,0,1,0,0,0,1,0,0,1,0,1,0,0,0,1,0,0,1,0,0.01,0.01,0.12,0.1,0.02,0.03,5.41,0.7,86.7,0.03,3.16,0.01,0.01,0.54,3.17,0.0
20,0,0,U,Eddie,11/27/2018 0:00, CATTLE,GI_PARASITE,9,NP,P,NP,P,NP,NP,NP,NP,NO,NP,P,NO,NO,P,P,1,0,0,0,1,0,1,0,0,0,1,0,1,0,0,1,0,0,1,0,0,1,0,0,0,0,1,1,0,0,0,1,0,0,0,1,0,0,1,0,1,0,0,1,0,0.26,0.07,9.12,0.46,0.08,0.14,12.25,6.95,40.44,7.71,4.37,0.26,0.35,13.12,4.43,0.0
533,0,0,U,Eddie,1/29/2019 0:00, CATTLE,GI_PARASITE,9,NP,P,NP,NP,P,NP,NP,NP,NP,NP,P,NP,P,P,P,1,0,0,0,1,0,1,0,0,1,0,0,0,1,0,1,0,0,1,0,0,1,0,0,1,0,0,1,0,0,0,1,0,1,0,0,0,1,0,0,1,0,0,1,0,0.02,0.0,0.06,0.01,2.76,0.01,18.86,1.23,68.19,1.49,7.16,0.2,0.0,0.01,0.0,0.0
1489,0,0,U,Eddie,4/23/2019 0:00, CATTLE,GI_PARASITE,9,NP,NP,NP,P,P,NP,NP,NP,NP,NP,P,P,NP,NP,NP,1,0,0,1,0,0,1,0,0,0,1,0,0,1,0,1,0,0,1,0,0,1,0,0,1,0,0,1,0,0,0,1,0,0,1,0,1,0,0,1,0,0,1,0,0,0.47,0.0,0.37,0.0,0.15,0.04,1.32,0.28,81.32,0.02,14.19,0.0,1.8,0.01,0.02,0.01
3115,1,0,U,veteddie_eddie,2/6/2020 0:00, CATTLE,GI_PARASITE,9,NP,P,NP,P,NP,NP,NP,P,NP,NP,NP,NP,NP,NP,P,1,0,0,0,1,0,1,0,0,0,1,0,1,0,0,1,0,0,1,0,0,0,1,0,1,0,0,1,0,0,1,0,0,1,0,0,1,0,0,1,0,0,0,1,0,0.989235,1.66828,0.853365,0.00666931,0.00257698,0.0117549,1.8434,0.73636,0.0127683,0.41365,11.5167,0.00140654,81.9387,0.00299108,0.00116529,0.00106075
561,0,0,U,Eddie,1/31/2019 0:00, CATTLE,GI_PARASITE,9,NO,P,NP,NP,NP,NP,NP,NP,NP,NP,NP,P,NP,NP,P,0,0,1,0,1,0,1,0,0,1,0,0,1,0,0,1,0,0,1,0,0,1,0,0,1,0,0,1,0,0,1,0,0,0,1,0,1,0,0,1,0,0,0,1,0,1.68,0.64,1.16,0.98,0.31,0.12,0.66,5.4,10.78,0.42,34.33,0.22,38.81,3.8,0.7,0.0
2757,1,0,U,veteddie_eddie,2/10/2020 0:00, CATTLE,GI_PARASITE,9,NP,NP,NP,NP,P,NP,NP,P,NP,NP,NP,P,NP,P,P,1,0,0,1,0,0,1,0,0,1,0,0,0,1,0,1,0,0,1,0,0,0,1,0,1,0,0,1,0,0,1,0,0,0,1,0,1,0,0,0,1,0,0,1,0,0.00011251,0.0478668,0.000602371,0.00496115,2.2808,0.00740313,82.9828,0.343633,12.0187,0.0126264,2.18775,0.000503772,0.000514187,0.0823035,0.0291095,0.000341849
2718,0,79,D,Eddie,12/30/2019 0:00, CATTLE,LSD,10,NP,P,NP,NP,NP,NP,NP,NP,P,P,P,NP,NP,P,P,1,0,0,0,1,0,1,0,0,1,0,0,1,0,0,1,0,0,1,0,0,1,0,0,0,1,0,0,1,0,0,1,0,1,0,0,1,0,0,0,1,0,0,1,0,0.24,0.15,8.53,1.21,0.08,0.25,0.0,27.54,0.0,60.71,0.06,0.22,0.0,0.66,0.34,0.0
1195,0,102,D,Eddie,3/15/2019 0:00, CATTLE,LSD,10,P,NP,NP,NP,NP,NP,NP,NP,P,P,NP,NP,NP,P,NP,0,1,0,1,0,0,1,0,0,1,0,0,1,0,0,1,0,0,1,0,0,1,0,0,0,1,0,0,1,0,1,0,0,1,0,0,1,0,0,0,1,0,1,0,0,0.97,32.32,14.53,0.03,0.0,2.11,0.02,7.93,0.0,36.61,4.12,0.01,0.05,0.97,0.32,0.0
1911,0,142,D,Eddie,5/14/2019 0:00, CATTLE,LSD,10,P,P,NP,NP,NP,NP,NP,NP,P,P,P,NP,NP,P,P,0,1,0,0,1,0,1,0,0,1,0,0,1,0,0,1,0,0,1,0,0,1,0,0,0,1,0,0,1,0,0,1,0,1,0,0,1,0,0,0,1,0,0,1,0,0.02,7.6,1.48,0.34,0.03,0.35,0.02,28.87,0.0,40.53,0.1,0.04,0.0,20.37,0.26,0.0
1846,0,90,D,Eddie,3/29/2019 0:00, CATTLE,LSD,10,P,P,NP,NP,NP,NP,NP,NP,P,P,NP,NP,NP,P,P,0,1,0,0,1,0,1,0,0,1,0,0,1,0,0,1,0,0,1,0,0,1,0,0,0,1,0,0,1,0,1,0,0,1,0,0,1,0,0,0,1,0,0,1,0,0.04,17.73,2.36,0.34,0.06,0.81,0.02,26.25,0.0,36.85,0.58,0.12,0.0,14.57,0.26,0.0
2531,0,44,M,Eddie,10/15/2019 0:00, CATTLE,LSD,10,NP,P,NP,NP,NP,NP,NP,NP,P,P,P,NP,NP,P,NP,1,0,0,0,1,0,1,0,0,1,0,0,1,0,0,1,0,0,1,0,0,1,0,0,0,1,0,0,1,0,0,1,0,1,0,0,1,0,0,0,1,0,1,0,0,2.72,0.07,58.65,0.08,0.01,0.16,0.0,5.3,0.0,32.94,0.02,0.01,0.01,0.01,0.01,0.0
2768,0,147,M,veteddie_eddie,2/14/2020 0:00, CATTLE,LSD,10,NP,NP,NP,NP,NP,NP,NP,NP,P,NP,P,NP,NP,NP,NP,1,0,0,1,0,0,1,0,0,1,0,0,1,0,0,1,0,0,1,0,0,1,0,0,0,1,0,1,0,0,0,1,0,1,0,0,1,0,0,1,0,0,1,0,0,23.3118,0.0542446,19.4891,0.014937,0.000396798,0.124059,0.00252619,1.37303,0.00249399,26.5952,21.7192,0.00166325,6.67006,0.0443261,0.596952,1.46e-06
3506,1,158,M,veteddie_eddie,3/8/2020 0:00, CATTLE,LSD,10,NP,NP,NP,NP,NP,NP,NP,NP,NP,P,NP,NP,NP,NP,NP,1,0,0,1,0,0,1,0,0,1,0,0,1,0,0,1,0,0,1,0,0,1,0,0,1,0,0,0,1,0,1,0,0,1,0,0,1,0,0,1,0,0,1,0,0,57.0471,0.0165611,2.78069,0.000954824,0.000229679,0.0127779,1.54e-05,0.079724,1.54e-05,0.200794,0.950337,0.000748357,38.9098,6.97e-06,0.000215707,2.1e-08
2455,0,81,M,Eddie,10/3/2019 0:00, CATTLE,LSD,10,NP,P,NP,NP,NP,NP,NP,NP,P,P,NP,NP,NP,P,NP,1,0,0,0,1,0,1,0,0,1,0,0,1,0,0,1,0,0,1,0,0,1,0,0,0,1,0,0,1,0,1,0,0,1,0,0,1,0,0,0,1,0,1,0,0,4.68,0.12,68.8,0.06,0.01,0.28,0.0,3.55,0.0,22.05,0.07,0.03,0.34,0.01,0.01,0.0
1993,0,156,M,Eddie,6/12/2019 0:00, CATTLE,LSD,10,NP,NP,NP,NP,P,NP,NP,NP,P,P,P,NP,NP,P,P,1,0,0,1,0,0,1,0,0,1,0,0,0,1,0,1,0,0,1,0,0,1,0,0,0,1,0,0,1,0,0,1,0,1,0,0,1,0,0,0,1,0,0,1,0,0.04,0.05,0.68,0.15,10.04,0.71,0.18,31.16,0.04,52.11,1.51,0.03,0.0,2.35,0.95,0.0
3986,1,17,M,veteddie_eddie,1/24/2020 0:00, CATTLE,LSD,10,NP,NP,NP,NP,NP,NP,NP,NP,P,NP,P,NP,NP,P,P,1,0,0,1,0,0,1,0,0,1,0,0,1,0,0,1,0,0,1,0,0,1,0,0,0,1,0,1,0,0,0,1,0,1,0,0,1,0,0,0,1,0,0,1,0,0.0749274,0.146396,1.85139,0.420176,0.0179296,0.234596,0.114147,7.87466,0.112692,43.2668,14.2261,0.0467869,0.00599551,4.63383,26.9736,1.46e-08
1129,0,91,M,Eddie,2/26/2019 0:00, CATTLE,LSD,10,NP,NP,NP,NP,NP,NP,NP,NP,P,P,P,NP,NP,P,P,1,0,0,1,0,0,1,0,0,1,0,0,1,0,0,1,0,0,1,0,0,1,0,0,0,1,0,0,1,0,0,1,0,1,0,0,1,0,0,0,1,0,0,1,0,0.27,0.33,4.23,0.96,0.04,0.54,0.03,23.86,0.0,61.36,0.9,0.17,0.0,1.44,5.87,0.0
1000,0,0,U,Eddie,2/24/2019 0:00, CATTLE,LSD,10,NP,NP,NP,NP,NP,NP,NP,NP,P,P,NP,NP,NP,NP,P,1,0,0,1,0,0,1,0,0,1,0,0,1,0,0,1,0,0,1,0,0,1,0,0,0,1,0,0,1,0,1,0,0,1,0,0,1,0,0,1,0,0,0,1,0,11.94,0.42,6.9,0.37,0.02,0.67,0.01,13.15,0.0,42.29,19.25,0.2,2.16,0.39,2.24,0.0
5421,1,0,U,veteddie_eddie,5/28/2020 0:00, CATTLE,LSD,10,NP,P,NP,NP,NP,NP,NP,NP,P,NP,P,NP,NP,NP,NP,1,0,0,0,1,0,1,0,0,1,0,0,1,0,0,1,0,0,1,0,0,1,0,0,0,1,0,1,0,0,0,1,0,1,0,0,1,0,0,1,0,0,1,0,0,21.0976,0.0255586,40.1609,0.0191621,0.000817677,0.0584533,0.000148687,1.61774,0.000304876,26.8518,1.55263,0.00213372,8.55676,0.0208853,0.0351356,2.41e-08
2413,0,0,U,Eddie,9/26/2019 0:00, CATTLE,LSD,10,NO,P,NP,NP,NP,NP,NP,NO,P,P,P,NO,P,P,P,0,0,1,0,1,0,1,0,0,1,0,0,1,0,0,1,0,0,1,0,0,0,0,1,0,1,0,0,1,0,0,1,0,0,0,1,0,1,0,0,1,0,0,1,0,0.1,3.98,1.54,1.56,0.04,0.09,0.19,20.91,0.14,39.33,0.27,16.22,0.0,15.07,0.58,0.0
2577,0,0,U,Eddie,10/24/2019 0:00, CATTLE,LSD,10,NP,P,NP,NP,P,NP,P,NP,NP,P,P,NO,NP,P,NP,1,0,0,0,1,0,1,0,0,1,0,0,0,1,0,1,0,0,0,1,0,1,0,0,1,0,0,0,1,0,0,1,0,0,0,1,1,0,0,0,1,0,1,0,0,6.19,0.26,8.29,14.47,3.99,4.42,0.0,20.65,0.24,29.55,9.0,2.39,0.34,0.04,0.18,0.0
1916,0,0,U,Eddie,5/15/2019 0:00, CATTLE,LSD,10,NP,P,NP,NP,NP,NP,NP,NP,P,NP,NP,NP,NP,P,P,1,0,0,0,1,0,1,0,0,1,0,0,1,0,0,1,0,0,1,0,0,1,0,0,0,1,0,1,0,0,1,0,0,1,0,0,1,0,0,0,1,0,0,1,0,0.24,0.25,9.36,0.84,0.11,0.4,0.04,12.99,0.01,61.18,8.98,0.29,0.42,2.41,2.48,0.0
1289,0,0,U,Eddie,4/3/2019 0:00, CATTLE,LSD,10,NO,NP,NP,NP,NP,NP,NP,NP,P,P,P,NP,NP,P,P,0,0,1,1,0,0,1,0,0,1,0,0,1,0,0,1,0,0,1,0,0,1,0,0,0,1,0,0,1,0,0,1,0,1,0,0,1,0,0,0,1,0,0,1,0,0.19,4.09,3.07,0.72,0.03,0.54,0.1,22.19,0.0,51.61,0.96,0.12,0.0,11.32,5.06,0.0
1641,0,125,D,Eddie,5/8/2019 0:00, CATTLE,LUNGWORM,11,P,P,NP,NP,NP,NP,P,NP,NP,NP,P,NP,NP,P,P,0,1,0,0,1,0,1,0,0,1,0,0,1,0,0,1,0,0,0,1,0,1,0,0,1,0,0,1,0,0,0,1,0,1,0,0,1,0,0,0,1,0,0,1,0,0.01,10.19,0.08,8.56,0.0,0.33,0.38,2.87,1.15,4.42,67.68,0.83,0.01,1.74,1.74,0.0
4254,1,133,D,veteddie_eddie,1/10/2020 0:00, CATTLE,LUNGWORM,11,NP,P,NP,NP,NP,NP,P,NP,NP,NP,P,NP,NP,P,P,1,0,0,0,1,0,1,0,0,1,0,0,1,0,0,1,0,0,0,1,0,1,0,0,1,0,0,1,0,0,0,1,0,1,0,0,1,0,0,0,1,0,0,1,0,0.152028,0.229443,0.515177,33.6681,0.0071528,0.257623,0.0107601,3.03468,0.182522,7.34264,46.4656,5.32844,0.200058,0.0630829,2.54267,5.48e-10
2105,0,167,D,Eddie,7/8/2019 0:00, CATTLE,LUNGWORM,11,NP,NP,NP,NP,NP,NP,P,NP,NP,NP,P,NP,NP,P,P,1,0,0,1,0,0,1,0,0,1,0,0,1,0,0,1,0,0,0,1,0,1,0,0,1,0,0,1,0,0,0,1,0,1,0,0,1,0,0,0,1,0,0,1,0,0.02,0.07,0.03,3.56,0.0,0.07,0.09,0.35,0.2,0.99,88.16,0.56,0.02,0.02,5.86,0.0
3387,0,207,M,veteddie_eddie,2/3/2020 0:00, CATTLE,LUNGWORM,11,NP,NP,NP,NP,NP,NP,P,NP,NP,NP,NP,NP,NP,NP,NP,1,0,0,1,0,0,1,0,0,1,0,0,1,0,0,1,0,0,0,1,0,1,0,0,1,0,0,1,0,0,1,0,0,1,0,0,1,0,0,1,0,0,1,0,0,1.01872,0.003517,0.0350309,0.00790807,1.25e-06,0.0056359,3.43e-05,0.0034121,0.000123007,0.0339641,47.5552,0.00385855,51.3245,7.66e-06,0.00810368,9.8e-07
3709,0,97,M,veteddie_eddie,1/1/2020 0:00, CATTLE,LUNGWORM,11,NP,NP,NP,NP,NP,NP,NP,NP,NP,NP,NP,NP,NP,NP,P,1,0,0,1,0,0,1,0,0,1,0,0,1,0,0,1,0,0,1,0,0,1,0,0,1,0,0,1,0,0,1,0,0,1,0,0,1,0,0,1,0,0,0,1,0,1.74196,0.019543,0.221851,0.00828506,0.00199294,0.0105653,0.08778,0.171109,0.03806,0.326668,68.8683,0.00404249,28.4666,0.00165279,0.0315515,5.48e-07
2124,0,170,M,Eddie,7/12/2019 0:00, CATTLE,LUNGWORM,11,NP,NP,NP,NP,P,NP,NP,P,NP,P,P,NP,NP,P,P,1,0,0,1,0,0,1,0,0,1,0,0,0,1,0,1,0,0,1,0,0,0,1,0,1,0,0,0,1,0,0,1,0,1,0,0,1,0,0,0,1,0,0,1,0,0.11,7.84,0.23,0.09,26.55,0.28,10.74,37.86,0.33,12.4,3.5,0.01,0.0,0.05,0.01,0.0
1910,0,4,M,Eddie,5/14/2019 0:00, CATTLE,LUNGWORM,11,NP,P,NP,NP,NP,NP,NP,NP,NP,NP,NP,NP,NP,P,P,1,0,0,0,1,0,1,0,0,1,0,0,1,0,0,1,0,0,1,0,0,1,0,0,1,0,0,1,0,0,1,0,0,1,0,0,1,0,0,0,1,0,0,1,0,2.59,0.53,13.62,0.86,0.54,0.28,0.11,10.16,0.38,13.29,40.26,0.42,16.75,0.06,0.15,0.0
2013,0,105,M,Eddie,6/17/2019 0:00, CATTLE,LUNGWORM,11,NP,NP,NP,NP,NP,NP,NP,NP,NP,NP,P,NP,NP,P,P,1,0,0,1,0,0,1,0,0,1,0,0,1,0,0,1,0,0,1,0,0,1,0,0,1,0,0,1,0,0,0,1,0,1,0,0,1,0,0,0,1,0,0,1,0,0.87,0.34,2.94,0.47,0.09,0.18,1.34,6.72,4.91,10.26,69.61,0.07,0.26,0.13,1.79,0.0
1854,0,106,M,Eddie,4/18/2019 0:00, CATTLE,LUNGWORM,11,NP,NP,NP,NP,P,NP,NP,NP,NP,NP,P,NP,NP,NP,P,1,0,0,1,0,0,1,0,0,1,0,0,0,1,0,1,0,0,1,0,0,1,0,0,1,0,0,1,0,0,0,1,0,1,0,0,1,0,0,1,0,0,0,1,0,0.51,0.01,0.1,0.01,1.07,0.03,0.62,1.05,8.81,1.3,85.92,0.0,0.55,0.02,0.02,0.0
1934,0,105,M,Eddie,5/22/2019 0:00, CATTLE,LUNGWORM,11,NP,NP,NP,NP,NP,NP,NP,NP,NP,NP,P,NP,NP,P,P,1,0,0,1,0,0,1,0,0,1,0,0,1,0,0,1,0,0,1,0,0,1,0,0,1,0,0,1,0,0,0,1,0,1,0,0,1,0,0,0,1,0,0,1,0,0.87,0.34,2.94,0.47,0.09,0.18,1.34,6.72,4.91,10.26,69.61,0.07,0.26,0.13,1.79,0.0
4173,1,105,M,veteddie_eddie,1/14/2020 0:00, CATTLE,LUNGWORM,11,NP,NP,NP,NP,NP,NP,NP,NP,NP,NP,P,NP,NP,P,P,1,0,0,1,0,0,1,0,0,1,0,0,1,0,0,1,0,0,1,0,0,1,0,0,1,0,0,1,0,0,0,1,0,1,0,0,1,0,0,0,1,0,0,1,0,0.8377,0.328009,2.83871,0.45328,0.0911846,0.177328,4.80249,6.48743,4.74128,9.9009,67.1633,0.0717379,0.252247,0.128177,1.7262,1.11e-08
1927,0,105,M,Eddie,5/17/2019 0:00, CATTLE,LUNGWORM,11,NP,NP,NP,NP,NP,NP,NP,NP,NP,NP,P,NP,NP,P,P,1,0,0,1,0,0,1,0,0,1,0,0,1,0,0,1,0,0,1,0,0,1,0,0,1,0,0,1,0,0,0,1,0,1,0,0,1,0,0,0,1,0,0,1,0,0.87,0.34,2.94,0.47,0.09,0.18,1.34,6.72,4.91,10.26,69.61,0.07,0.26,0.13,1.79,0.0
2516,0,193,M,Eddie,9/4/2019 0:00, CATTLE,LUNGWORM,11,NP,NP,NP,NP,NP,NP,NP,NP,NP,NP,P,NP,NP,P,NP,1,0,0,1,0,0,1,0,0,1,0,0,1,0,0,1,0,0,1,0,0,1,0,0,1,0,0,1,0,0,0,1,0,1,0,0,1,0,0,0,1,0,1,0,0,16.3,0.27,33.97,0.05,0.01,0.2,0.33,2.17,0.32,9.35,31.98,0.01,4.91,0.0,0.12,0.0
2154,0,106,M,Eddie,7/15/2019 0:00, CATTLE,LUNGWORM,11,NP,NP,NP,NP,P,NP,NP,NP,NP,NP,P,NP,NP,NP,P,1,0,0,1,0,0,1,0,0,1,0,0,0,1,0,1,0,0,1,0,0,1,0,0,1,0,0,1,0,0,0,1,0,1,0,0,1,0,0,1,0,0,0,1,0,0.51,0.01,0.1,0.01,1.07,0.03,0.62,1.05,8.81,1.3,85.92,0.0,0.55,0.02,0.02,0.0
1925,0,105,M,Eddie,5/17/2019 0:00, CATTLE,LUNGWORM,11,NP,NP,NP,NP,NP,NP,NP,NP,NP,NP,P,NP,NP,P,P,1,0,0,1,0,0,1,0,0,1,0,0,1,0,0,1,0,0,1,0,0,1,0,0,1,0,0,1,0,0,0,1,0,1,0,0,1,0,0,0,1,0,0,1,0,0.87,0.34,2.94,0.47,0.09,0.18,1.34,6.72,4.91,10.26,69.61,0.07,0.26,0.13,1.79,0.0
2599,0,107,M,Eddie,10/28/2019 0:00, CATTLE,LUNGWORM,11,NP,NP,NP,NP,NP,NP,NP,NP,NP,NP,P,NP,NP,NP,NP,1,0,0,1,0,0,1,0,0,1,0,0,1,0,0,1,0,0,1,0,0,1,0,0,1,0,0,1,0,0,0,1,0,1,0,0,1,0,0,1,0,0,1,0,0,38.25,0.02,4.39,0.0,0.0,0.01,0.02,0.17,0.02,0.89,15.05,0.0,41.19,0.0,0.01,0.0
3767,1,120,M,veteddie_eddie,11/22/2019 0:00, CATTLE,LUNGWORM,11,NP,P,NP,NP,NP,NP,P,NP,NP,P,NP,NP,NP,P,NP,1,0,0,0,1,0,1,0,0,1,0,0,1,0,0,1,0,0,0,1,0,1,0,0,1,0,0,0,1,0,1,0,0,1,0,0,1,0,0,0,1,0,1,0,0,23.7653,0.928107,21.049,8.05412,0.00328663,1.48727,3.92e-06,2.6308,6.75e-05,8.39764,7.5248,6.31253,19.8105,0.000389587,0.0360833,1.52e-09
3559,0,120,M,veteddie_eddie,1/2/2020 0:00, CATTLE,LUNGWORM,11,NP,P,NP,NP,NP,NP,P,NP,NP,P,NP,NP,NP,P,NP,1,0,0,0,1,0,1,0,0,1,0,0,1,0,0,1,0,0,0,1,0,1,0,0,1,0,0,0,1,0,1,0,0,1,0,0,1,0,0,0,1,0,1,0,0,23.7653,0.928107,21.049,8.05412,0.00328663,1.48727,3.92e-06,2.6308,6.75e-05,8.39764,7.5248,6.31253,19.8105,0.000389587,0.0360833,1.52e-09
1104,0,0,U,Eddie,3/5/2019 0:00, CATTLE,LUNGWORM,11,NP,NP,NP,NP,P,NP,NP,NP,P,NP,NP,P,P,NP,NP,1,0,0,1,0,0,1,0,0,1,0,0,0,1,0,1,0,0,1,0,0,1,0,0,0,1,0,1,0,0,1,0,0,0,1,0,0,1,0,1,0,0,1,0,0,0.11,0.0,0.06,0.0,0.06,0.03,18.53,0.34,7.65,0.32,71.62,0.04,0.2,0.11,0.15,0.76
1421,0,0,U,Eddie,4/11/2019 0:00, CATTLE,LUNGWORM,11,NP,NP,NP,P,NP,NP,NP,NP,NP,NP,NP,NP,NP,NP,NP,1,0,0,1,0,0,1,0,0,0,1,0,1,0,0,1,0,0,1,0,0,1,0,0,1,0,0,1,0,0,1,0,0,1,0,0,1,0,0,1,0,0,1,0,0,1.63,0.0,0.38,0.0,0.0,0.0,0.0,0.0,0.0,0.01,2.69,0.0,95.28,0.0,0.0,0.0
1412,0,0,U,Eddie,4/5/2019 0:00, CATTLE,LUNGWORM,11,P,NP,NP,NP,P,NO,NP,NP,NP,NP,NP,NP,NP,NP,P,0,1,0,1,0,0,1,0,0,1,0,0,0,1,0,0,0,1,1,0,0,1,0,0,1,0,0,1,0,0,1,0,0,1,0,0,1,0,0,1,0,0,0,1,0,0.01,0.07,0.0,0.0,0.48,0.01,0.97,0.11,4.18,0.09,93.88,0.0,0.15,0.04,0.0,0.01
52,0,0,U,Eddie,12/12/2018 0:00, CATTLE,LUNGWORM,11,NP,P,NP,NP,P,NP,P,NP,NP,P,NP,NP,NP,P,NP,1,0,0,0,1,0,1,0,0,1,0,0,0,1,0,1,0,0,0,1,0,1,0,0,1,0,0,0,1,0,1,0,0,1,0,0,1,0,0,0,1,0,1,0,0,9.85,0.38,8.72,3.34,2.07,5.1,0.0,8.83,0.0,18.33,32.52,2.62,8.21,0.0,0.01,0.0
624,0,0,U,Eddie,2/4/2019 0:00, CATTLE,LUNGWORM,11,NP,NP,NP,NP,P,NP,NP,P,NP,NP,NP,NP,NP,P,P,1,0,0,1,0,0,1,0,0,1,0,0,0,1,0,1,0,0,1,0,0,0,1,0,1,0,0,1,0,0,1,0,0,1,0,0,1,0,0,0,1,0,0,1,0,0.01,1.51,0.03,0.01,4.27,0.05,28.31,2.14,2.17,1.5,59.9,0.0,0.06,0.02,0.01,0.0
933,0,0,U,Eddie,2/19/2019 0:00, CATTLE,LUNGWORM,11,NP,P,NP,NP,NP,NP,P,NP,NP,NP,P,NP,NP,NP,P,1,0,0,0,1,0,1,0,0,1,0,0,1,0,0,1,0,0,0,1,0,1,0,0,1,0,0,1,0,0,0,1,0,1,0,0,1,0,0,1,0,0,0,1,0,1.33,0.06,0.25,5.93,0.0,0.06,0.01,0.86,0.03,2.61,81.23,0.94,6.24,0.01,0.45,0.0
583,0,0,U,Eddie,2/4/2019 0:00, CATTLE,LUNGWORM,11,NP,NP,NP,NP,NP,NP,P,NP,NP,NP,NP,P,NP,P,P,1,0,0,1,0,0,1,0,0,1,0,0,1,0,0,1,0,0,0,1,0,1,0,0,1,0,0,1,0,0,1,0,0,0,1,0,1,0,0,0,1,0,0,1,0,0.0,0.01,0.0,6.72,0.0,0.06,0.19,0.14,1.36,0.02,50.34,1.58,0.02,0.12,39.43,0.0
4197,1,0,U,veteddie_eddie,1/15/2020 0:00, CATTLE,LUNGWORM,11,NP,NP,NP,NP,NP,NP,NP,NP,NP,P,P,NP,NP,NP,P,1,0,0,1,0,0,1,0,0,1,0,0,1,0,0,1,0,0,1,0,0,1,0,0,1,0,0,0,1,0,0,1,0,1,0,0,1,0,0,1,0,0,0,1,0,53.8889,0.376374,6.25648,0.366926,0.0459515,0.203475,0.00949864,11.2182,0.0216955,10.0257,14.9244,0.0932807,2.42177,0.0141108,0.133153,6.39e-09
4076,1,0,U,veteddie_eddie,1/28/2020 0:00, CATTLE,LUNGWORM,11,P,NP,NP,NP,P,NP,NP,NP,NP,NP,P,NP,NP,P,NP,0,1,0,1,0,0,1,0,0,1,0,0,0,1,0,1,0,0,1,0,0,1,0,0,1,0,0,1,0,0,0,1,0,1,0,0,1,0,0,0,1,0,1,0,0,0.110309,1.1803,0.531683,0.00126972,0.543843,0.215183,13.0468,1.66742,30.9307,2.97065,48.6541,0.000123542,0.0332162,0.10632,0.00809389,1.29e-05
1751,0,0,U,Eddie,5/27/2019 0:00, CATTLE,LUNGWORM,11,NP,NP,NP,NP,NP,NP,P,NP,NP,NP,NP,NP,NP,P,P,1,0,0,1,0,0,1,0,0,1,0,0,1,0,0,1,0,0,0,1,0,1,0,0,1,0,0,1,0,0,1,0,0,1,0,0,1,0,0,0,1,0,0,1,0,0.01,0.03,0.01,0.7,0.0,0.03,0.02,0.06,0.02,0.17,97.32,0.34,0.14,0.0,1.14,0.0
193,0,0,U,Eddie,12/31/2018 0:00, CATTLE,LUNGWORM,11,NP,P,NP,NP,NP,NP,NP,NP,NO,NP,P,NP,NP,P,P,1,0,0,0,1,0,1,0,0,1,0,0,1,0,0,1,0,0,1,0,0,1,0,0,0,0,1,1,0,0,0,1,0,1,0,0,1,0,0,0,1,0,0,1,0,0.84,0.23,10.1,1.18,0.23,0.21,0.1,17.88,0.6,57.87,5.98,0.16,0.34,2.45,1.84,0.0
2669,0,0,U,Eddie,11/11/2019 0:00, CATTLE,LUNGWORM,11,NP,P,NP,NP,NP,NP,P,NP,NP,NP,P,NP,NO,P,NP,1,0,0,0,1,0,1,0,0,1,0,0,1,0,0,1,0,0,0,1,0,1,0,0,1,0,0,1,0,0,0,1,0,1,0,0,0,0,1,0,1,0,1,0,0,5.13,0.31,10.35,6.43,0.0,0.5,0.02,1.75,0.06,12.22,49.98,6.4,6.54,0.0,0.29,0.0
340,0,34,D,Eddie,1/16/2019 0:00, CATTLE,PASTEUROLLOSIS,12,NP,P,NP,NP,NP,NP,P,NP,NP,P,P,P,NP,P,P,1,0,0,0,1,0,1,0,0,1,0,0,1,0,0,1,0,0,0,1,0,1,0,0,1,0,0,0,1,0,0,1,0,0,1,0,1,0,0,0,1,0,0,1,0,0.01,0.03,0.04,84.46,0.01,0.13,0.0,2.37,0.02,0.14,0.17,10.34,0.0,0.11,2.17,0.0
203,0,18,D,Eddie,1/3/2019 0:00, CATTLE,PASTEUROLLOSIS,12,NO,P,NO,NO,NO,NO,P,NO,NO,P,P,NO,NO,P,NO,0,0,1,0,1,0,0,0,1,0,0,1,0,0,1,0,0,1,0,1,0,0,0,1,0,0,1,0,1,0,0,1,0,0,0,1,0,0,1,0,1,0,0,0,1,0.53,9.8,1.27,26.3,0.65,13.23,0.66,5.55,0.17,7.71,0.84,21.79,0.04,6.47,4.96,0.01
552,0,49,D,Eddie,1/31/2019 0:00, CATTLE,PASTEUROLLOSIS,12,NO,P,NO,NO,NO,NO,NO,NO,NO,P,NO,NO,NO,NO,NO,0,0,1,0,1,0,0,0,1,0,0,1,0,0,1,0,0,1,0,0,1,0,0,1,0,0,1,0,1,0,0,0,1,0,0,1,0,0,1,0,0,1,0,0,1,9.75,8.5,10.11,9.77,10.11,8.5,0.95,9.91,0.33,9.07,0.97,10.11,4.42,5.47,1.91,0.12
3947,1,177,M,veteddie_eddie,12/4/2019 0:00, CATTLE,PASTEUROLLOSIS,12,NP,P,NP,NP,NP,NP,NP,NP,NP,P,P,NP,NP,P,NP,1,0,0,0,1,0,1,0,0,1,0,0,1,0,0,1,0,0,1,0,0,1,0,0,1,0,0,0,1,0,0,1,0,1,0,0,1,0,0,0,1,0,1,0,0,22.8405,0.120484,67.4509,0.0616507,0.0199216,0.0929609,4.56e-05,3.27627,0.000216245,5.65265,0.0609507,0.015673,0.406905,0.000234315,0.000639008,6.43e-12
2384,0,128,M,Eddie,9/24/2019 0:00, CATTLE,PASTEUROLLOSIS,12,NP,P,NP,NP,NP,NP,P,NP,NP,P,P,NP,NP,P,NP,1,0,0,0,1,0,1,0,0,1,0,0,1,0,0,1,0,0,0,1,0,1,0,0,1,0,0,0,1,0,0,1,0,1,0,0,1,0,0,0,1,0,1,0,0,21.03,0.82,27.28,16.39,0.0,1.32,0.0,5.97,0.0,19.07,2.71,4.17,1.16,0.0,0.07,0.0
2313,0,177,M,Eddie,8/26/2019 0:00, CATTLE,PASTEUROLLOSIS,12,NP,P,NP,NP,NP,NP,NP,NP,NP,P,P,NP,NP,P,NP,1,0,0,0,1,0,1,0,0,1,0,0,1,0,0,1,0,0,1,0,0,1,0,0,1,0,0,0,1,0,0,1,0,1,0,0,1,0,0,0,1,0,1,0,0,22.84,0.12,67.45,0.06,0.02,0.09,0.0,3.28,0.0,5.65,0.06,0.02,0.41,0.0,0.0,0.0
2708,0,128,M,Eddie,12/6/2019 0:00, CATTLE,PASTEUROLLOSIS,12,NP,P,NP,NP,NP,NP,P,NP,NP,P,P,NP,NP,P,NP,1,0,0,0,1,0,1,0,0,1,0,0,1,0,0,1,0,0,0,1,0,1,0,0,1,0,0,0,1,0,0,1,0,1,0,0,1,0,0,0,1,0,1,0,0,21.03,0.82,27.28,16.39,0.0,1.32,0.0,5.97,0.0,19.07,2.71,4.17,1.16,0.0,0.07,0.0
1750,0,76,M,Eddie,5/27/2019 0:00, CATTLE,PASTEUROLLOSIS,12,NP,P,NP,NP,NP,NP,P,NP,NP,P,NP,NP,NP,NP,NP,1,0,0,0,1,0,1,0,0,1,0,0,1,0,0,1,0,0,0,1,0,1,0,0,1,0,0,0,1,0,1,0,0,1,0,0,1,0,0,1,0,0,1,0,0,24.24,0.03,1.18,0.17,0.0,0.04,0.0,0.09,0.0,0.35,1.54,0.13,72.24,0.0,0.0,0.0
2382,0,177,M,Eddie,9/24/2019 0:00, CATTLE,PASTEUROLLOSIS,12,NP,P,NP,NP,NP,NP,NP,NP,NP,P,P,NP,NP,P,NP,1,0,0,0,1,0,1,0,0,1,0,0,1,0,0,1,0,0,1,0,0,1,0,0,1,0,0,0,1,0,0,1,0,1,0,0,1,0,0,0,1,0,1,0,0,22.84,0.12,67.45,0.06,0.02,0.09,0.0,3.28,0.0,5.65,0.06,0.02,0.41,0.0,0.0,0.0
2403,0,128,M,Eddie,9/24/2019 0:00, CATTLE,PASTEUROLLOSIS,12,NP,P,NP,NP,NP,NP,P,NP,NP,P,P,NP,NP,P,NP,1,0,0,0,1,0,1,0,0,1,0,0,1,0,0,1,0,0,0,1,0,1,0,0,1,0,0,0,1,0,0,1,0,1,0,0,1,0,0,0,1,0,1,0,0,21.03,0.82,27.28,16.39,0.0,1.32,0.0,5.97,0.0,19.07,2.71,4.17,1.16,0.0,0.07,0.0
1747,0,128,M,Eddie,5/22/2019 0:00, CATTLE,PASTEUROLLOSIS,12,NP,P,NP,NP,NP,NP,P,NP,NP,P,P,NP,NP,P,NP,1,0,0,0,1,0,1,0,0,1,0,0,1,0,0,1,0,0,0,1,0,1,0,0,1,0,0,0,1,0,0,1,0,1,0,0,1,0,0,0,1,0,1,0,0,21.03,0.82,27.28,16.39,0.0,1.32,0.0,5.97,0.0,19.07,2.71,4.17,1.16,0.0,0.07,0.0
3849,1,65,M,veteddie_eddie,11/22/2019 0:00, CATTLE,PASTEUROLLOSIS,12,NP,P,P,NP,NP,NP,NP,NP,NP,P,P,NP,NP,P,NP,1,0,0,0,1,0,0,1,0,1,0,0,1,0,0,1,0,0,1,0,0,1,0,0,1,0,0,0,1,0,0,1,0,1,0,0,1,0,0,0,1,0,1,0,0,7.12999,0.0870152,21.0558,0.0192452,0.0143876,44.1382,1.42e-05,23.3252,6.75e-05,1.76456,0.0751847,0.00489256,2.38518,7.31e-05,0.000199476,3.05e-09
968,0,76,M,Eddie,2/18/2019 0:00, CATTLE,PASTEUROLLOSIS,12,NP,P,NP,NP,NP,NP,P,NP,NP,P,NP,NP,NP,NP,NP,1,0,0,0,1,0,1,0,0,1,0,0,1,0,0,1,0,0,0,1,0,1,0,0,1,0,0,0,1,0,1,0,0,1,0,0,1,0,0,1,0,0,1,0,0,24.24,0.03,1.18,0.17,0.0,0.04,0.0,0.09,0.0,0.35,1.54,0.13,72.24,0.0,0.0,0.0
2073,0,118,M,Eddie,7/8/2019 0:00, CATTLE,PASTEUROLLOSIS,12,NP,P,NP,NP,NP,NP,NP,NP,NP,NP,P,NP,NP,NP,P,1,0,0,0,1,0,1,0,0,1,0,0,1,0,0,1,0,0,1,0,0,1,0,0,1,0,0,1,0,0,0,1,0,1,0,0,1,0,0,1,0,0,0,1,0,19.46,0.11,8.27,0.3,0.06,0.06,0.04,6.39,0.3,10.45,24.72,0.05,29.71,0.03,0.05,0.0
2246,0,120,M,Eddie,8/24/2019 0:00, CATTLE,PASTEUROLLOSIS,12,NP,P,NP,NP,NP,NP,P,NP,NP,P,NP,NP,NP,P,NP,1,0,0,0,1,0,1,0,0,1,0,0,1,0,0,1,0,0,0,1,0,1,0,0,1,0,0,0,1,0,1,0,0,1,0,0,1,0,0,0,1,0,1,0,0,23.77,0.93,21.05,8.05,0.0,1.49,0.0,2.63,0.0,8.4,7.52,6.31,19.81,0.0,0.04,0.0
1082,0,0,U,Eddie,2/25/2019 0:00, CATTLE,PASTEUROLLOSIS,12,NO,NO,NO,NO,NO,NO,NO,NO,NO,P,NO,NO,P,NO,NO,0,0,1,0,0,1,0,0,1,0,0,1,0,0,1,0,0,1,0,0,1,0,0,1,0,0,1,0,1,0,0,0,1,0,0,1,0,1,0,0,0,1,0,0,1,3.38,1.46,1.46,3.27,1.46,1.46,15.11,2.99,2.42,3.89,3.96,51.38,0.66,0.94,0.8,5.35
541,0,0,U,Eddie,1/30/2019 0:00, CATTLE,PASTEUROLLOSIS,12,NP,P,NP,NP,NP,NO,NO,NP,NP,NO,NO,NP,NP,P,P,1,0,0,0,1,0,1,0,0,1,0,0,1,0,0,0,0,1,0,0,1,1,0,0,1,0,0,0,0,1,0,0,1,1,0,0,1,0,0,0,1,0,0,1,0,2.16,0.5,9.28,32.61,1.67,0.42,0.02,18.42,0.12,13.93,9.9,10.01,0.48,0.03,0.44,0.0
559,0,0,U,Eddie,1/31/2019 0:00, CATTLE,PASTEUROLLOSIS,12,NO,NO,NO,NO,NO,NO,NO,NO,NO,P,NO,NO,NO,NO,NO,0,0,1,0,0,1,0,0,1,0,0,1,0,0,1,0,0,1,0,0,1,0,0,1,0,0,1,0,1,0,0,0,1,0,0,1,0,0,1,0,0,1,0,0,1,9.1,8.8,8.8,8.8,8.8,8.8,2.41,8.99,0.54,8.36,2.17,9.1,3.98,5.67,4.82,0.85
909,0,0,U,Eddie,2/15/2019 0:00, CATTLE,PASTEUROLLOSIS,12,NP,P,NP,NP,NP,NP,P,NP,P,P,NP,NP,NP,P,NP,1,0,0,0,1,0,1,0,0,1,0,0,1,0,0,1,0,0,0,1,0,1,0,0,0,1,0,0,1,0,1,0,0,1,0,0,1,0,0,0,1,0,1,0,0,2.94,0.57,18.97,10.32,0.0,2.72,0.0,4.41,0.0,50.72,2.2,5.69,0.65,0.02,0.78,0.0
205,0,0,U,Eddie,1/4/2019 0:00, CATTLE,PASTEUROLLOSIS,12,NP,P,NP,NP,P,NP,P,NP,P,P,P,NP,NP,P,NP,1,0,0,0,1,0,1,0,0,1,0,0,0,1,0,1,0,0,0,1,0,1,0,0,0,1,0,0,1,0,0,1,0,1,0,0,1,0,0,0,1,0,1,0,0,0.34,0.07,3.18,2.72,0.19,2.58,0.0,10.51,0.0,78.57,1.07,0.49,0.0,0.07,0.21,0.0
2486,0,0,U,Eddie,10/10/2019 0:00, CATTLE,PASTEUROLLOSIS,12,NP,P,P,NP,NP,NP,NP,NP,P,P,P,NP,NP,NO,NP,1,0,0,0,1,0,0,1,0,1,0,0,1,0,0,1,0,0,1,0,0,1,0,0,0,1,0,0,1,0,0,1,0,1,0,0,1,0,0,0,0,1,1,0,0,2.8,0.03,13.29,0.02,0.0,50.91,0.0,25.08,0.0,7.06,0.02,0.0,0.78,0.0,0.0,0.0
2147,0,0,U,Eddie,7/1/2019 0:00, CATTLE,PASTEUROLLOSIS,12,P,P,NO,NO,NO,NO,NO,NO,NO,P,P,NO,NO,P,NO,0,1,0,0,1,0,0,0,1,0,0,1,0,0,1,0,0,1,0,0,1,0,0,1,0,0,1,0,1,0,0,1,0,0,0,1,0,0,1,0,1,0,0,0,1,0.18,30.4,2.09,3.9,5.08,10.47,0.34,11.4,1.13,7.11,0.57,2.06,0.01,23.48,1.78,0.01
247,0,0,U,Eddie,1/15/2019 0:00, CATTLE,PASTEUROLLOSIS,12,NP,P,NP,NP,P,NP,P,NP,NP,P,NP,P,NP,P,P,1,0,0,0,1,0,1,0,0,1,0,0,0,1,0,1,0,0,0,1,0,1,0,0,1,0,0,0,1,0,1,0,0,0,1,0,1,0,0,0,1,0,0,1,0,0.01,0.03,0.03,43.88,21.3,1.28,0.07,8.96,0.72,0.35,5.28,16.56,0.01,0.4,1.13,0.0
2692,1,0,U,Eddie,11/24/2019 0:00, CATTLE,PASTEUROLLOSIS,12,NO,NO,NP,NP,NP,NP,P,P,P,P,P,NP,P,P,P,0,0,1,0,0,1,1,0,0,1,0,0,1,0,0,1,0,0,0,1,0,0,1,0,0,1,0,0,1,0,0,1,0,1,0,0,0,1,0,0,1,0,0,1,0,0.0,23.42,0.01,7.07,0.0,0.05,0.02,3.48,0.0,13.12,1.3,50.41,0.0,0.6,0.52,0.0
4204,0,64,M,veteddie_eddie,1/15/2020 0:00, CATTLE,RABIES,13,NP,P,P,NP,NP,NP,NP,NP,NP,NP,NP,NP,NP,P,P,1,0,0,0,1,0,0,1,0,1,0,0,1,0,0,1,0,0,1,0,0,1,0,0,1,0,0,1,0,0,1,0,0,1,0,0,1,0,0,0,1,0,0,1,0,0.220422,0.103958,1.16146,0.0735198,0.105572,36.9485,0.0357382,19.7564,0.032183,1.13289,13.5617,0.0358722,26.8135,0.00538676,0.0128457,1.23e-06
305,0,0,U,Eddie,1/23/2019 0:00, CATTLE,RABIES,13,NP,P,P,NP,NP,NP,P,NP,NP,NP,NP,NP,NP,P,NP,1,0,0,0,1,0,0,1,0,1,0,0,1,0,0,1,0,0,0,1,0,1,0,0,1,0,0,1,0,0,1,0,0,1,0,0,1,0,0,0,1,0,1,0,0,0.16,0.02,0.23,0.09,0.0,25.15,0.0,0.5,0.0,0.15,11.95,0.04,61.69,0.0,0.0,0.0
1939,0,149,D,Eddie,5/23/2019 0:00, CATTLE,TRYPANOSOMOSIS,14,P,P,NP,P,P,NP,NP,NP,P,P,P,P,NP,P,P,0,1,0,0,1,0,1,0,0,0,1,0,0,1,0,1,0,0,1,0,0,1,0,0,0,1,0,0,1,0,0,1,0,0,1,0,1,0,0,0,1,0,0,1,0,0.0,0.02,0.01,0.01,0.94,0.05,0.34,2.75,0.37,0.06,0.01,0.0,0.0,95.4,0.05,0.0
1109,0,86,D,Eddie,3/5/2019 0:00, CATTLE,TRYPANOSOMOSIS,14,P,NP,NP,NP,NP,NP,NP,NP,P,P,P,P,NP,P,P,0,1,0,1,0,0,1,0,0,1,0,0,1,0,0,1,0,0,1,0,0,1,0,0,0,1,0,0,1,0,0,1,0,0,1,0,1,0,0,0,1,0,0,1,0,0.0,0.31,0.01,0.11,0.01,0.06,0.15,2.38,0.03,0.2,0.03,0.01,0.0,90.28,6.42,0.0
1889,0,75,D,Eddie,5/6/2019 0:00, CATTLE,TRYPANOSOMOSIS,14,P,NP,NP,NP,NP,NP,NP,NP,P,P,P,NP,NP,P,P,0,1,0,1,0,0,1,0,0,1,0,0,1,0,0,1,0,0,1,0,0,1,0,0,0,1,0,0,1,0,0,1,0,1,0,0,1,0,0,0,1,0,0,1,0,0.02,12.23,0.54,0.2,0.01,0.56,0.24,18.57,0.01,30.43,1.08,0.02,0.0,32.77,3.3,0.0
1962,0,138,D,Eddie,6/3/2019 0:00, CATTLE,TRYPANOSOMOSIS,14,P,NP,NP,P,NP,NP,NP,NP,P,P,P,NP,NP,P,P,0,1,0,1,0,0,1,0,0,0,1,0,1,0,0,1,0,0,1,0,0,1,0,0,0,1,0,0,1,0,0,1,0,1,0,0,1,0,0,0,1,0,0,1,0,0.01,11.68,1.55,0.08,0.0,0.87,1.63,15.74,0.03,12.56,1.76,0.01,0.0,50.92,3.16,0.0
2141,0,138,D,Eddie,7/12/2019 0:00, CATTLE,TRYPANOSOMOSIS,14,P,NP,NP,P,NP,NP,NP,NP,P,P,P,NP,NP,P,P,0,1,0,1,0,0,1,0,0,0,1,0,1,0,0,1,0,0,1,0,0,1,0,0,0,1,0,0,1,0,0,1,0,1,0,0,1,0,0,0,1,0,0,1,0,0.01,11.68,1.55,0.08,0.0,0.87,1.63,15.74,0.03,12.56,1.76,0.01,0.0,50.92,3.16,0.0
1871,0,75,D,Eddie,4/24/2019 0:00, CATTLE,TRYPANOSOMOSIS,14,P,NP,NP,NP,NP,NP,NP,NP,P,P,P,NP,NP,P,P,0,1,0,1,0,0,1,0,0,1,0,0,1,0,0,1,0,0,1,0,0,1,0,0,0,1,0,0,1,0,0,1,0,1,0,0,1,0,0,0,1,0,0,1,0,0.02,12.23,0.54,0.2,0.01,0.56,0.24,18.57,0.01,30.43,1.08,0.02,0.0,32.77,3.3,0.0
2000,0,75,D,Eddie,6/14/2019 0:00, CATTLE,TRYPANOSOMOSIS,14,P,NP,NP,NP,NP,NP,NP,NP,P,P,P,NP,NP,P,P,0,1,0,1,0,0,1,0,0,1,0,0,1,0,0,1,0,0,1,0,0,1,0,0,0,1,0,0,1,0,0,1,0,1,0,0,1,0,0,0,1,0,0,1,0,0.02,12.23,0.54,0.2,0.01,0.56,0.24,18.57,0.01,30.43,1.08,0.02,0.0,32.77,3.3,0.0
1834,0,78,D,Eddie,3/28/2019 0:00, CATTLE,TRYPANOSOMOSIS,14,P,P,NP,NP,NP,NP,NP,NP,P,P,P,P,NP,P,P,0,1,0,0,1,0,1,0,0,1,0,0,1,0,0,1,0,0,1,0,0,1,0,0,0,1,0,0,1,0,0,1,0,0,1,0,1,0,0,0,1,0,0,1,0,0.0,0.32,0.04,0.3,0.02,0.06,0.02,6.06,0.01,0.45,0.0,0.02,0.0,91.89,0.82,0.0
2713,1,201,D,Eddie,12/10/2019 0:00, CATTLE,TRYPANOSOMOSIS,14,P,P,NP,NP,NP,NP,P,NP,P,NP,P,NP,NP,P,P,0,1,0,0,1,0,1,0,0,1,0,0,1,0,0,1,0,0,0,1,0,1,0,0,0,1,0,1,0,0,0,1,0,1,0,0,1,0,0,0,1,0,0,1,0,0.0,3.23,0.04,5.63,0.0,0.31,0.0,2.47,0.02,13.71,10.17,0.39,0.0,44.76,19.28,0.0
1820,0,75,D,Eddie,4/8/2019 0:00, CATTLE,TRYPANOSOMOSIS,14,P,NP,NP,NP,NP,NP,NP,NP,P,P,P,NP,NP,P,P,0,1,0,1,0,0,1,0,0,1,0,0,1,0,0,1,0,0,1,0,0,1,0,0,0,1,0,0,1,0,0,1,0,1,0,0,1,0,0,0,1,0,0,1,0,0.02,12.23,0.54,0.2,0.01,0.56,0.24,18.57,0.01,30.43,1.08,0.02,0.0,32.77,3.3,0.0
1880,0,75,D,Eddie,5/3/2019 0:00, CATTLE,TRYPANOSOMOSIS,14,P,NP,NP,NP,NP,NP,NP,NP,P,P,P,NP,NP,P,P,0,1,0,1,0,0,1,0,0,1,0,0,1,0,0,1,0,0,1,0,0,1,0,0,0,1,0,0,1,0,0,1,0,1,0,0,1,0,0,0,1,0,0,1,0,0.02,12.23,0.54,0.2,0.01,0.56,0.24,18.57,0.01,30.43,1.08,0.02,0.0,32.77,3.3,0.0
2182,0,138,D,Eddie,7/16/2019 0:00, CATTLE,TRYPANOSOMOSIS,14,P,NP,NP,P,NP,NP,NP,NP,P,P,P,NP,NP,P,P,0,1,0,1,0,0,1,0,0,0,1,0,1,0,0,1,0,0,1,0,0,1,0,0,0,1,0,0,1,0,0,1,0,1,0,0,1,0,0,0,1,0,0,1,0,0.01,11.68,1.55,0.08,0.0,0.87,1.63,15.74,0.03,12.56,1.76,0.01,0.0,50.92,3.16,0.0
1947,0,153,D,Eddie,5/27/2019 0:00, CATTLE,TRYPANOSOMOSIS,14,P,NP,NP,P,NP,NP,NP,NP,P,P,P,P,NP,P,P,0,1,0,1,0,0,1,0,0,0,1,0,1,0,0,1,0,0,1,0,0,1,0,0,0,1,0,0,1,0,0,1,0,0,1,0,1,0,0,0,1,0,0,1,0,0.0,0.2,0.02,0.03,0.0,0.06,0.68,1.34,0.09,0.06,0.03,0.0,0.0,93.4,4.08,0.0
1424,0,104,M,Eddie,4/11/2019 0:00, CATTLE,TRYPANOSOMOSIS,14,NP,P,NP,NP,NP,NP,NP,NP,NP,NP,NP,NP,NP,NP,NP,1,0,0,0,1,0,1,0,0,1,0,0,1,0,0,1,0,0,1,0,0,1,0,0,1,0,0,1,0,0,1,0,0,1,0,0,1,0,0,1,0,0,1,0,0,4.09,0.0,0.73,0.0,0.0,0.0,0.0,0.01,0.0,0.04,0.31,0.0,94.81,0.0,0.0,0.0
1948,0,144,M,Eddie,5/27/2019 0:00, CATTLE,TRYPANOSOMOSIS,14,P,NP,NP,NP,P,NP,NP,NP,P,P,P,NP,NP,P,P,0,1,0,1,0,0,1,0,0,1,0,0,0,1,0,1,0,0,1,0,0,1,0,0,0,1,0,0,1,0,0,1,0,1,0,0,1,0,0,0,1,0,0,1,0,0.0,1.74,0.08,0.03,2.59,0.66,1.34,21.39,0.16,22.79,1.6,0.0,0.0,47.14,0.47,0.0
2155,1,172,M,Eddie,7/15/2019 0:00, CATTLE,TRYPANOSOMOSIS,14,NP,NP,NP,NP,NP,NP,NP,NP,NP,NP,NP,P,NP,NP,P,1,0,0,1,0,0,1,0,0,1,0,0,1,0,0,1,0,0,1,0,0,1,0,0,1,0,0,1,0,0,1,0,0,0,1,0,1,0,0,1,0,0,0,1,0,0.47,0.02,0.14,0.18,0.03,0.05,0.6,0.88,6.75,0.09,80.45,0.04,7.67,0.18,2.46,0.0
2374,1,97,M,Eddie,9/23/2019 0:00, CATTLE,TRYPANOSOMOSIS,14,NP,NP,NP,NP,NP,NP,NP,NP,NP,NP,NP,NP,NP,NP,P,1,0,0,1,0,0,1,0,0,1,0,0,1,0,0,1,0,0,1,0,0,1,0,0,1,0,0,1,0,0,1,0,0,1,0,0,1,0,0,1,0,0,0,1,0,1.74,0.02,0.22,0.01,0.0,0.01,0.09,0.17,0.04,0.33,68.87,0.0,28.47,0.0,0.03,0.0
2100,0,144,M,Eddie,7/7/2019 0:00, CATTLE,TRYPANOSOMOSIS,14,P,NP,NP,NP,P,NP,NP,NP,P,P,P,NP,NP,P,P,0,1,0,1,0,0,1,0,0,1,0,0,0,1,0,1,0,0,1,0,0,1,0,0,0,1,0,0,1,0,0,1,0,1,0,0,1,0,0,0,1,0,0,1,0,0.0,1.74,0.08,0.03,2.59,0.66,1.34,21.39,0.16,22.79,1.6,0.0,0.0,47.14,0.47,0.0
1416,0,97,M,Eddie,4/5/2019 0:00, CATTLE,TRYPANOSOMOSIS,14,NP,NP,NP,NP,NP,NP,NP,NP,NP,NP,NP,NP,NP,NP,P,1,0,0,1,0,0,1,0,0,1,0,0,1,0,0,1,0,0,1,0,0,1,0,0,1,0,0,1,0,0,1,0,0,1,0,0,1,0,0,1,0,0,0,1,0,1.74,0.02,0.22,0.01,0.0,0.01,0.02,0.17,0.04,0.33,68.91,0.0,28.48,0.0,0.03,0.0
1983,0,144,M,Eddie,6/10/2019 0:00, CATTLE,TRYPANOSOMOSIS,14,P,NP,NP,NP,P,NP,NP,NP,P,P,P,NP,NP,P,P,0,1,0,1,0,0,1,0,0,1,0,0,0,1,0,1,0,0,1,0,0,1,0,0,0,1,0,0,1,0,0,1,0,1,0,0,1,0,0,0,1,0,0,1,0,0.0,1.74,0.08,0.03,2.59,0.66,1.34,21.39,0.16,22.79,1.6,0.0,0.0,47.14,0.47,0.0
2371,1,10,M,Eddie,9/23/2019 0:00, CATTLE,TRYPANOSOMOSIS,14,NP,NP,NP,NP,NP,NP,NP,NP,NP,NP,NP,NP,NP,P,P,1,0,0,1,0,0,1,0,0,1,0,0,1,0,0,1,0,0,1,0,0,1,0,0,1,0,0,1,0,0,1,0,0,1,0,0,1,0,0,0,1,0,0,1,0,0.46,0.18,1.06,0.11,0.04,0.1,1.14,1.38,0.5,2.11,90.34,0.05,2.09,0.02,0.41,0.0
1107,0,62,M,Eddie,3/5/2019 0:00, CATTLE,TRYPANOSOMOSIS,14,P,NP,NP,NP,NP,NP,NP,NP,NP,P,P,P,NP,P,P,0,1,0,1,0,0,1,0,0,1,0,0,1,0,0,1,0,0,1,0,0,1,0,0,1,0,0,0,1,0,0,1,0,0,1,0,1,0,0,0,1,0,0,1,0,0.01,8.81,0.16,1.5,0.33,0.59,6.28,24.89,17.92,0.6,1.88,0.11,0.0,31.7,5.22,0.0
2055,0,144,M,Eddie,6/27/2019 0:00, CATTLE,TRYPANOSOMOSIS,14,P,NP,NP,NP,P,NP,NP,NP,P,P,P,NP,NP,P,P,0,1,0,1,0,0,1,0,0,1,0,0,0,1,0,1,0,0,1,0,0,1,0,0,0,1,0,0,1,0,0,1,0,1,0,0,1,0,0,0,1,0,0,1,0,0.0,1.74,0.08,0.03,2.59,0.66,1.34,21.39,0.16,22.79,1.6,0.0,0.0,47.14,0.47,0.0
1861,0,62,M,Eddie,4/22/2019 0:00, CATTLE,TRYPANOSOMOSIS,14,P,NP,NP,NP,NP,NP,NP,NP,NP,P,P,P,NP,P,P,0,1,0,1,0,0,1,0,0,1,0,0,1,0,0,1,0,0,1,0,0,1,0,0,1,0,0,0,1,0,0,1,0,0,1,0,1,0,0,0,1,0,0,1,0,0.01,8.81,0.16,1.5,0.33,0.59,6.28,24.89,17.92,0.6,1.88,0.11,0.0,31.7,5.22,0.0
2195,0,0,U,Eddie,7/18/2019 0:00, CATTLE,TRYPANOSOMOSIS,14,P,NP,NP,P,NP,NP,NP,NP,P,P,P,NP,NP,NO,P,0,1,0,1,0,0,1,0,0,0,1,0,1,0,0,1,0,0,1,0,0,1,0,0,0,1,0,0,1,0,0,1,0,1,0,0,1,0,0,0,0,1,0,1,0,0.07,11.63,1.71,0.08,0.0,0.87,1.56,15.93,0.03,13.14,3.0,0.01,0.0,48.93,3.03,0.0
1131,0,0,U,Eddie,3/6/2019 0:00, CATTLE,TRYPANOSOMOSIS,14,NO,NP,NP,NP,P,NP,NP,NP,P,P,P,NP,NP,NP,P,0,0,1,1,0,0,1,0,0,1,0,0,0,1,0,1,0,0,1,0,0,1,0,0,0,1,0,0,1,0,0,1,0,1,0,0,1,0,0,1,0,0,0,1,0,0.85,0.52,0.74,0.06,2.69,0.57,0.34,25.82,0.05,48.85,8.82,0.01,0.01,10.22,0.45,0.0
1431,0,0,U,Eddie,4/13/2019 0:00, CATTLE,TRYPANOSOMOSIS,14,P,P,NP,P,NP,NP,NP,P,P,P,P,P,NP,P,P,0,1,0,0,1,0,1,0,0,0,1,0,1,0,0,1,0,0,1,0,0,0,1,0,0,1,0,0,1,0,0,1,0,0,1,0,1,0,0,0,1,0,0,1,0,0.0,12.96,0.02,0.04,0.0,0.03,1.57,5.02,0.01,0.13,0.0,0.0,0.0,80.09,0.12,0.0
2360,1,0,U,Eddie,9/10/2019 0:00, CATTLE,TRYPANOSOMOSIS,14,NP,P,NP,NP,NP,NP,NP,NP,NP,NP,P,P,NP,NP,NP,1,0,0,0,1,0,1,0,0,1,0,0,1,0,0,1,0,0,1,0,0,1,0,0,1,0,0,1,0,0,0,1,0,0,1,0,1,0,0,1,0,0,1,0,0,28.96,0.03,17.49,0.21,0.03,0.09,0.07,3.11,1.04,0.75,3.9,0.02,44.2,0.03,0.08,0.0
1922,0,0,U,Eddie,5/16/2019 0:00, CATTLE,TRYPANOSOMOSIS,14,P,P,NP,P,P,NP,NP,NP,P,P,P,NP,NP,P,P,0,1,0,0,1,0,1,0,0,0,1,0,0,1,0,1,0,0,1,0,0,1,0,0,0,1,0,0,1,0,0,1,0,1,0,0,1,0,0,0,1,0,0,1,0,0.0,1.12,0.65,0.02,3.15,0.69,0.76,30.45,0.12,13.54,0.27,0.0,0.0,49.2,0.04,0.0
2361,1,0,U,Eddie,9/23/2019 0:00, CATTLE,TRYPANOSOMOSIS,14,NP,NP,P,NP,P,NP,NP,NP,NP,NP,P,NP,NP,NP,P,1,0,0,1,0,0,0,1,0,1,0,0,0,1,0,1,0,0,1,0,0,1,0,0,1,0,0,1,0,0,0,1,0,1,0,0,1,0,0,1,0,0,0,1,0,0.12,0.0,0.02,0.0,0.58,9.13,0.54,5.57,2.06,0.3,79.25,0.0,2.42,0.0,0.0,0.0
2174,0,0,U,Eddie,7/15/2019 0:00, CATTLE,TRYPANOSOMOSIS,14,NP,P,NP,P,NP,NP,P,NP,P,P,P,P,NP,P,P,1,0,0,0,1,0,1,0,0,0,1,0,1,0,0,1,0,0,0,1,0,1,0,0,0,1,0,0,1,0,0,1,0,0,1,0,1,0,0,0,1,0,0,1,0,0.0,0.01,0.09,42.16,0.0,0.35,0.01,3.19,0.0,0.33,0.08,3.63,0.0,7.97,42.18,0.0
1935,0,0,U,Eddie,5/22/2019 0:00, CATTLE,TRYPANOSOMOSIS,14,P,NP,NP,NP,P,NP,NO,NO,P,P,P,NP,NP,P,P,0,1,0,1,0,0,1,0,0,1,0,0,0,1,0,1,0,0,0,0,1,0,0,1,0,1,0,0,1,0,0,1,0,1,0,0,1,0,0,0,1,0,0,1,0,0.0,13.25,0.04,0.55,1.28,0.97,2.5,14.37,0.09,17.29,5.76,0.06,0.0,39.94,3.9,0.0
3209,1,0,U,veteddie_eddie,3/11/2020 0:00, CATTLE,TRYPANOSOMOSIS,14,P,P,NP,NP,NP,NP,NP,NP,P,P,P,P,NP,P,NP,0,1,0,0,1,0,1,0,0,1,0,0,1,0,0,1,0,0,1,0,0,1,0,0,0,1,0,0,1,0,0,1,0,0,1,0,1,0,0,0,1,0,1,0,0,0.0647221,4.21474,7.45969,0.551868,0.0414224,1.18821,0.000483228,33.5502,0.0100256,6.97398,0.0382101,0.0292192,0.0003064,44.9528,0.924176,3.24e-09
3046,0,0,U,veteddie_eddie,2/8/2020 0:00, CATTLE,TUBERCULOSIS,15,NP,NP,NP,NP,NP,NP,P,NP,P,P,P,NP,NP,P,P,1,0,0,1,0,0,1,0,0,1,0,0,1,0,0,1,0,0,0,1,0,1,0,0,0,1,0,0,1,0,0,1,0,1,0,0,1,0,0,0,1,0,0,1,0,0.0197038,0.177433,0.133112,19.861,0.0005572,0.590537,8.67e-06,3.38687,0.000163776,16.1168,3.10947,3.55244,0.000202878,0.537386,52.5143,3.29e-10
2625,0,197,D,Eddie,10/28/2019 0:00, CATTLE,ZZ_OTHER,16,NP,P,P,NP,NP,NP,NP,NP,NP,NP,P,NP,NP,P,NP,1,0,0,0,1,0,0,1,0,1,0,0,1,0,0,1,0,0,1,0,0,1,0,0,1,0,0,1,0,0,0,1,0,1,0,0,1,0,0,0,1,0,1,0,0,3.45,0.07,16.39,0.01,0.01,34.35,0.0,13.68,0.01,2.21,2.12,0.0,27.69,0.0,0.0,0.0
229,0,13,D,Eddie,1/14/2019 0:00, CATTLE,ZZ_OTHER,16,NP,P,NP,P,NP,NP,NP,NP,NP,NP,NP,NP,NP,P,NP,1,0,0,0,1,0,1,0,0,0,1,0,1,0,0,1,0,0,1,0,0,1,0,0,1,0,0,1,0,0,1,0,0,1,0,0,1,0,0,0,1,0,1,0,0,2.89,0.02,27.82,0.0,0.0,0.03,0.0,0.17,0.01,0.31,1.88,0.0,66.86,0.0,0.0,0.0
262,0,25,D,Eddie,1/21/2019 0:00, CATTLE,ZZ_OTHER,16,NO,NO,NO,NO,NO,NO,NO,NO,P,NO,NO,NO,NO,NO,NO,0,0,1,0,0,1,0,0,1,0,0,1,0,0,1,0,0,1,0,0,1,0,0,1,0,1,0,0,0,1,0,0,1,0,0,1,0,0,1,0,0,1,0,0,1,1.28,4.72,6.0,7.26,2.54,8.54,3.63,8.23,0.36,11.98,2.7,6.0,0.36,14.16,13.71,8.54
2296,0,182,D,Eddie,9/7/2019 0:00, CATTLE,ZZ_OTHER,16,NP,NP,NP,NP,NP,NP,NP,NP,NP,P,P,NP,NP,P,NP,1,0,0,1,0,0,1,0,0,1,0,0,1,0,0,1,0,0,1,0,0,1,0,0,1,0,0,0,1,0,0,1,0,1,0,0,1,0,0,0,1,0,1,0,0,37.08,0.38,48.1,0.07,0.01,0.29,0.0,4.09,0.0,8.23,1.25,0.02,0.47,0.0,0.02,0.0
3120,0,147,M,veteddie_eddie,2/6/2020 0:00, CATTLE,ZZ_OTHER,16,NP,NP,NP,NP,NP,NP,NP,NP,P,NP,P,NP,NP,NP,NP,1,0,0,1,0,0,1,0,0,1,0,0,1,0,0,1,0,0,1,0,0,1,0,0,0,1,0,1,0,0,0,1,0,1,0,0,1,0,0,1,0,0,1,0,0,23.3118,0.0542446,19.4891,0.014937,0.000396798,0.124059,0.00252619,1.37303,0.00249399,26.5952,21.7192,0.00166325,6.67006,0.0443261,0.596952,1.46e-06
2342,0,180,M,Eddie,8/17/2019 0:00, CATTLE,ZZ_OTHER,16,NP,P,NP,NP,NP,NP,NP,NP,NP,P,NP,NP,NP,NP,NP,1,0,0,0,1,0,1,0,0,1,0,0,1,0,0,1,0,0,1,0,0,1,0,0,1,0,0,0,1,0,1,0,0,1,0,0,1,0,0,1,0,0,1,0,0,47.96,0.01,5.32,0.0,0.0,0.01,0.0,0.09,0.0,0.19,0.06,0.0,46.37,0.0,0.0,0.0
2626,0,147,M,Eddie,11/5/2019 0:00, CATTLE,ZZ_OTHER,16,NP,NP,NP,NP,NP,NP,NP,NP,P,NP,P,NP,NP,NP,NP,1,0,0,1,0,0,1,0,0,1,0,0,1,0,0,1,0,0,1,0,0,1,0,0,0,1,0,1,0,0,0,1,0,1,0,0,1,0,0,1,0,0,1,0,0,23.31,0.05,19.49,0.01,0.0,0.12,0.0,1.37,0.0,26.6,21.72,0.0,6.67,0.04,0.6,0.0
2306,0,44,M,Eddie,9/8/2019 0:00, CATTLE,ZZ_OTHER,16,NP,P,NP,NP,NP,NP,NP,NP,P,P,P,NP,NP,P,NP,1,0,0,0,1,0,1,0,0,1,0,0,1,0,0,1,0,0,1,0,0,1,0,0,0,1,0,0,1,0,0,1,0,1,0,0,1,0,0,0,1,0,1,0,0,2.72,0.07,58.65,0.08,0.01,0.16,0.0,5.3,0.0,32.94,0.02,0.01,0.01,0.01,0.01,0.0
2399,0,189,M,Eddie,9/24/2019 0:00, CATTLE,ZZ_OTHER,16,NP,NP,NP,NP,NP,NP,NP,NP,P,P,P,NP,NP,NP,NP,1,0,0,1,0,0,1,0,0,1,0,0,1,0,0,1,0,0,1,0,0,1,0,0,0,1,0,0,1,0,0,1,0,1,0,0,1,0,0,1,0,0,1,0,0,48.9,0.07,25.45,0.02,0.0,0.16,0.0,2.38,0.0,21.57,0.78,0.0,0.58,0.01,0.07,0.0
2934,0,183,M,veteddie_eddie,2/19/2020 0:00, CATTLE,ZZ_OTHER,16,NP,P,NP,NP,NP,NP,NP,NP,NP,P,P,NP,NP,NP,NP,1,0,0,0,1,0,1,0,0,1,0,0,1,0,0,1,0,0,1,0,0,1,0,0,1,0,0,0,1,0,0,1,0,1,0,0,1,0,0,1,0,0,1,0,0,80.525,0.0121706,13.0871,0.00439336,0.000883794,0.00939035,3.25e-06,0.375857,1.54e-05,0.811196,0.0430985,0.00111689,5.12965,1.67e-05,4.55e-05,3.56e-11
3017,0,158,M,veteddie_eddie,1/31/2020 0:00, CATTLE,ZZ_OTHER,16,NP,NP,NP,NP,NP,NP,NP,NP,NP,P,NP,NP,NP,NP,NP,1,0,0,1,0,0,1,0,0,1,0,0,1,0,0,1,0,0,1,0,0,1,0,0,1,0,0,0,1,0,1,0,0,1,0,0,1,0,0,1,0,0,1,0,0,57.0471,0.0165611,2.78069,0.000954824,0.000229679,0.0127779,1.54e-05,0.079724,1.54e-05,0.200794,0.950337,0.000748357,38.9098,6.97e-06,0.000215707,2.1e-08
4060,1,97,M,veteddie_eddie,2/1/2020 0:00, CATTLE,ZZ_OTHER,16,NP,NP,NP,NP,NP,NP,NP,NP,NP,NP,NP,NP,NP,NP,P,1,0,0,1,0,0,1,0,0,1,0,0,1,0,0,1,0,0,1,0,0,1,0,0,1,0,0,1,0,0,1,0,0,1,0,0,1,0,0,1,0,0,0,1,0,1.74196,0.019543,0.221851,0.00828506,0.00199294,0.0105653,0.08778,0.171109,0.03806,0.326668,68.8683,0.00404249,28.4666,0.00165279,0.0315515,5.48e-07
3969,1,103,M,veteddie_eddie,1/22/2020 0:00, CATTLE,ZZ_OTHER,16,NP,NP,NP,NP,NP,NP,NP,NP,NP,P,P,NP,NP,NP,NP,1,0,0,1,0,0,1,0,0,1,0,0,1,0,0,1,0,0,1,0,0,1,0,0,1,0,0,0,1,0,0,1,0,1,0,0,1,0,0,1,0,0,1,0,0,88.006,0.0255487,6.28161,0.00338731,0.000424206,0.0197124,5.46e-05,0.315524,0.000124685,0.794685,0.596314,0.00086113,3.955,3.51e-05,0.000765236,2.13e-09
3154,1,110,M,veteddie_eddie,3/23/2020 0:00, CATTLE,ZZ_OTHER,16,P,P,NP,NP,P,NP,NP,NP,NP,P,P,NP,NP,P,P,0,1,0,0,1,0,1,0,0,1,0,0,0,1,0,1,0,0,1,0,0,1,0,0,1,0,0,0,1,0,0,1,0,1,0,0,1,0,0,0,1,0,0,1,0,0.0381445,3.18252,0.423905,0.0685415,47.1577,0.406542,0.126822,36.0051,1.44471,9.13066,0.935491,0.0107126,0.000679549,1.06538,0.00306841,2.28e-09
2701,0,12,M,Eddie,11/25/2019 0:00, CATTLE,ZZ_OTHER,16,P,P,NP,NP,NP,NP,NP,NP,NP,NP,P,NP,NP,P,P,0,1,0,0,1,0,1,0,0,1,0,0,1,0,0,1,0,0,1,0,0,1,0,0,1,0,0,1,0,0,0,1,0,1,0,0,1,0,0,0,1,0,0,1,0,0.14,18.7,2.49,0.4,0.18,0.29,7.82,19.68,9.99,16.4,19.06,0.04,0.06,4.55,0.19,0.0
3085,0,199,M,veteddie_eddie,1/31/2020 0:00, CATTLE,ZZ_OTHER,16,NP,P,NP,NP,NP,NP,NP,NP,P,NP,NP,NP,NP,NP,NP,1,0,0,0,1,0,1,0,0,1,0,0,1,0,0,1,0,0,1,0,0,1,0,0,0,1,0,1,0,0,1,0,0,1,0,0,1,0,0,1,0,0,1,0,0,10.9074,0.0132138,14.1793,0.00430805,0.000353098,0.0302203,3.34e-05,0.326013,3.01e-05,5.41126,1.97351,0.00147892,67.1416,0.0033125,0.00789923,1.89e-07
2325,0,92,M,Eddie,9/12/2019 0:00, CATTLE,ZZ_OTHER,16,NP,P,NP,P,NP,NP,NP,NP,NP,P,NP,NP,NP,P,NP,1,0,0,0,1,0,1,0,0,0,1,0,1,0,0,1,0,0,1,0,0,1,0,0,1,0,0,0,1,0,1,0,0,1,0,0,1,0,0,0,1,0,1,0,0,12.37,0.07,74.23,0.01,0.0,0.08,0.0,0.61,0.0,0.52,0.14,0.0,11.96,0.0,0.0,0.0
3003,0,104,M,veteddie_eddie,1/31/2020 0:00, CATTLE,ZZ_OTHER,16,NP,P,NP,NP,NP,NP,NP,NP,NP,NP,NP,NP,NP,NP,NP,1,0,0,0,1,0,1,0,0,1,0,0,1,0,0,1,0,0,1,0,0,1,0,0,1,0,0,1,0,0,1,0,0,1,0,0,1,0,0,1,0,0,1,0,0,4.093,0.000993698,0.729707,0.000155986,6.03e-05,0.000766699,4.72e-05,0.00901458,4.25e-05,0.0415612,0.312721,7.61e-05,94.8118,3.08e-06,1.7e-05,4.8e-09
3797,1,158,M,veteddie_eddie,11/28/2019 0:00, CATTLE,ZZ_OTHER,16,NP,NP,NP,NP,NP,NP,NP,NP,NP,P,NP,NP,NP,NP,NP,1,0,0,1,0,0,1,0,0,1,0,0,1,0,0,1,0,0,1,0,0,1,0,0,1,0,0,0,1,0,1,0,0,1,0,0,1,0,0,1,0,0,1,0,0,57.0471,0.0165611,2.78069,0.000954824,0.000229679,0.0127779,1.54e-05,0.079724,1.54e-05,0.200794,0.950337,0.000748357,38.9098,6.97e-06,0.000215707,2.1e-08
2924,0,135,M,veteddie_eddie,2/19/2020 0:00, CATTLE,ZZ_OTHER,16,NP,NP,NP,NP,NP,NP,NP,NP,NP,NP,NP,NP,NP,P,NP,1,0,0,1,0,0,1,0,0,1,0,0,1,0,0,1,0,0,1,0,0,1,0,0,1,0,0,1,0,0,1,0,0,1,0,0,1,0,0,0,1,0,1,0,0,8.23839,0.134084,11.721,0.010958,0.00423411,0.103454,0.0722769,0.42831,0.0313381,1.84217,39.7313,0.00534669,37.6506,0.000588222,0.0259791,3.37e-07
4135,1,107,M,veteddie_eddie,1/29/2020 0:00, CATTLE,ZZ_OTHER,16,NP,NP,NP,NP,NP,NP,NP,NP,NP,NP,P,NP,NP,NP,NP,1,0,0,1,0,0,1,0,0,1,0,0,1,0,0,1,0,0,1,0,0,1,0,0,1,0,0,1,0,0,0,1,0,1,0,0,1,0,0,1,0,0,1,0,0,38.2501,0.017837,4.38555,0.00236487,0.000296163,0.0137623,0.0155982,0.166008,0.0153994,0.893167,15.0487,0.000374274,41.185,0.000179945,0.00560661,1.62e-07
2011,0,21,M,Eddie,6/17/2019 0:00, CATTLE,ZZ_OTHER,16,NP,P,NP,NP,NP,NP,NP,NP,NP,NP,P,NP,NP,P,P,1,0,0,0,1,0,1,0,0,1,0,0,1,0,0,1,0,0,1,0,0,1,0,0,1,0,0,1,0,0,0,1,0,1,0,0,1,0,0,0,1,0,0,1,0,2.42,0.49,18.7,1.86,0.6,0.27,0.24,24.43,1.85,31.95,15.34,0.29,1.03,0.19,0.32,0.0
2291,0,178,M,Eddie,8/31/2019 0:00, CATTLE,ZZ_OTHER,16,NP,P,NP,NP,NP,NP,P,NP,NP,P,P,NP,NP,P,P,1,0,0,0,1,0,1,0,0,1,0,0,1,0,0,1,0,0,0,1,0,1,0,0,1,0,0,0,1,0,0,1,0,1,0,0,1,0,0,0,1,0,0,1,0,0.46,0.43,0.96,62.79,0.01,0.48,0.0,7.51,0.0,8.51,2.4,15.96,0.03,0.02,0.45,0.0
1768,0,4,M,Eddie,3/25/2019 0:00, CATTLE,ZZ_OTHER,16,NP,P,NP,NP,NP,NP,NP,NP,NP,NP,NP,NP,NP,P,P,1,0,0,0,1,0,1,0,0,1,0,0,1,0,0,1,0,0,1,0,0,1,0,0,1,0,0,1,0,0,1,0,0,1,0,0,1,0,0,0,1,0,0,1,0,2.59,0.53,13.62,0.86,0.54,0.28,0.11,10.16,0.38,13.29,40.26,0.42,16.75,0.06,0.15,0.0
2449,0,109,M,Eddie,10/2/2019 0:00, CATTLE,ZZ_OTHER,16,NP,NP,NP,NP,NP,NP,NP,NP,NP,NP,P,P,NP,P,NP,1,0,0,1,0,0,1,0,0,1,0,0,1,0,0,1,0,0,1,0,0,1,0,0,1,0,0,1,0,0,0,1,0,0,1,0,1,0,0,0,1,0,1,0,0,2.82,0.17,13.59,0.7,0.11,0.57,5.33,7.16,36.91,1.62,23.96,0.05,0.85,0.27,5.9,0.0
3789,1,193,M,veteddie_eddie,11/26/2019 0:00, CATTLE,ZZ_OTHER,16,NP,NP,NP,NP,NP,NP,NP,NP,NP,NP,P,NP,NP,P,NP,1,0,0,1,0,0,1,0,0,1,0,0,1,0,0,1,0,0,1,0,0,1,0,0,1,0,0,1,0,0,0,1,0,1,0,0,1,0,0,0,1,0,1,0,0,16.3035,0.265347,33.9657,0.0498682,0.0100318,0.204731,0.32892,2.17451,0.324728,9.3526,31.9808,0.00789232,4.90929,0.0037945,0.118227,4.4e-08
2066,0,161,M,Eddie,6/27/2019 0:00, CATTLE,ZZ_OTHER,16,NP,P,NP,P,NP,NP,NP,NP,NP,NP,NP,NP,NP,NP,NP,1,0,0,0,1,0,1,0,0,0,1,0,1,0,0,1,0,0,1,0,0,1,0,0,1,0,0,1,0,0,1,0,0,1,0,0,1,0,0,1,0,0,1,0,0,1.18,0.0,0.63,0.0,0.0,0.0,0.0,0.0,0.0,0.01,0.15,0.0,98.03,0.0,0.0,0.0
2298,0,180,M,Eddie,9/7/2019 0:00, CATTLE,ZZ_OTHER,16,NP,P,NP,NP,NP,NP,NP,NP,NP,P,NP,NP,NP,NP,NP,1,0,0,0,1,0,1,0,0,1,0,0,1,0,0,1,0,0,1,0,0,1,0,0,1,0,0,0,1,0,1,0,0,1,0,0,1,0,0,1,0,0,1,0,0,47.96,0.01,5.32,0.0,0.0,0.01,0.0,0.09,0.0,0.19,0.06,0.0,46.37,0.0,0.0,0.0
1821,0,139,M,Eddie,4/8/2019 0:00, CATTLE,ZZ_OTHER,16,NP,NP,NP,NP,P,NP,NP,NP,NP,P,NP,NP,NP,P,P,1,0,0,1,0,0,1,0,0,1,0,0,0,1,0,1,0,0,1,0,0,1,0,0,1,0,0,0,1,0,1,0,0,1,0,0,1,0,0,0,1,0,0,1,0,0.64,0.16,0.92,0.09,55.01,0.7,0.33,12.91,0.37,6.0,22.63,0.07,0.12,0.03,0.03,0.0
1198,0,17,M,Eddie,3/18/2019 0:00, CATTLE,ZZ_OTHER,16,NP,NP,NP,NP,NP,NP,NP,NP,P,NP,P,NP,NP,P,P,1,0,0,1,0,0,1,0,0,1,0,0,1,0,0,1,0,0,1,0,0,1,0,0,0,1,0,1,0,0,0,1,0,1,0,0,1,0,0,0,1,0,0,1,0,0.07,0.15,1.85,0.42,0.02,0.23,0.4,7.85,0.11,43.14,14.19,0.05,0.01,4.62,26.9,0.0
2491,0,20,M,Eddie,9/18/2019 0:00, CATTLE,ZZ_OTHER,16,NP,P,NP,NP,NP,NP,NP,NP,NP,P,P,NP,NP,P,P,1,0,0,0,1,0,1,0,0,1,0,0,1,0,0,1,0,0,1,0,0,1,0,0,1,0,0,0,1,0,0,1,0,1,0,0,1,0,0,0,1,0,0,1,0,4.92,0.62,23.63,2.35,0.76,0.34,0.0,40.98,0.01,25.09,0.54,0.6,0.09,0.03,0.04,0.0
2453,0,180,M,Eddie,10/3/2019 0:00, CATTLE,ZZ_OTHER,16,NP,P,NP,NP,NP,NP,NP,NP,NP,P,NP,NP,NP,NP,NP,1,0,0,0,1,0,1,0,0,1,0,0,1,0,0,1,0,0,1,0,0,1,0,0,1,0,0,0,1,0,1,0,0,1,0,0,1,0,0,1,0,0,1,0,0,47.96,0.01,5.32,0.0,0.0,0.01,0.0,0.09,0.0,0.19,0.06,0.0,46.37,0.0,0.0,0.0
3950,1,212,M,veteddie_eddie,12/4/2019 0:00, CATTLE,ZZ_OTHER,16,NP,NP,NP,NP,NP,NP,NP,NP,P,NP,P,NP,NP,NP,P,1,0,0,1,0,0,1,0,0,1,0,0,1,0,0,1,0,0,1,0,0,1,0,0,0,1,0,1,0,0,0,1,0,1,0,0,1,0,0,1,0,0,0,1,0,1.30695,0.0731651,1.77724,0.148144,0.0039354,0.117245,0.0402455,4.46959,0.0397325,30.72,49.7693,0.0164959,0.37395,1.63377,9.51024,4.01e-07
2292,0,180,M,Eddie,9/1/2019 0:00, CATTLE,ZZ_OTHER,16,NP,P,NP,NP,NP,NP,NP,NP,NP,P,NP,NP,NP,NP,NP,1,0,0,0,1,0,1,0,0,1,0,0,1,0,0,1,0,0,1,0,0,1,0,0,1,0,0,0,1,0,1,0,0,1,0,0,1,0,0,1,0,0,1,0,0,47.96,0.01,5.32,0.0,0.0,0.01,0.0,0.09,0.0,0.19,0.06,0.0,46.37,0.0,0.0,0.0
1064,0,82,M,Eddie,2/23/2019 0:00, CATTLE,ZZ_OTHER,16,NP,NP,NP,NP,NP,NP,NP,NP,NP,NP,P,NP,NP,NP,P,1,0,0,1,0,0,1,0,0,1,0,0,1,0,0,1,0,0,1,0,0,1,0,0,1,0,0,1,0,0,0,1,0,1,0,0,1,0,0,1,0,0,0,1,0,5.18,0.06,0.97,0.06,0.01,0.03,0.16,1.31,0.59,2.49,83.33,0.01,5.58,0.02,0.22,0.0
2304,0,184,M,Eddie,9/8/2019 0:00, CATTLE,ZZ_OTHER,16,NP,NP,NP,NP,NP,NP,NP,NP,NP,P,P,P,NP,P,P,1,0,0,1,0,0,1,0,0,1,0,0,1,0,0,1,0,0,1,0,0,1,0,0,1,0,0,0,1,0,0,1,0,0,1,0,1,0,0,0,1,0,0,1,0,0.43,0.4,2.12,11.83,1.86,0.93,0.35,52.78,5.68,1.98,2.59,1.45,0.01,2.3,15.3,0.0
2319,0,180,M,Eddie,9/11/2019 0:00, CATTLE,ZZ_OTHER,16,NP,P,NP,NP,NP,NP,NP,NP,NP,P,NP,NP,NP,NP,NP,1,0,0,0,1,0,1,0,0,1,0,0,1,0,0,1,0,0,1,0,0,1,0,0,1,0,0,0,1,0,1,0,0,1,0,0,1,0,0,1,0,0,1,0,0,47.96,0.01,5.32,0.0,0.0,0.01,0.0,0.09,0.0,0.19,0.06,0.0,46.37,0.0,0.0,0.0
2515,0,73,M,Eddie,10/14/2019 0:00, CATTLE,ZZ_OTHER,16,NP,NP,NP,NP,P,NP,NP,NP,NP,P,P,NP,NP,P,P,1,0,0,1,0,0,1,0,0,1,0,0,0,1,0,1,0,0,1,0,0,1,0,0,1,0,0,0,1,0,0,1,0,1,0,0,1,0,0,0,1,0,0,1,0,0.5,0.12,1.05,0.17,51.06,0.54,0.17,25.68,1.48,11.93,7.14,0.04,0.01,0.06,0.06,0.0
717,0,0,U,Eddie,2/5/2019 0:00, CATTLE,ZZ_OTHER,16,P,P,NP,NP,P,NP,P,NP,NO,P,P,P,NP,P,P,0,1,0,0,1,0,1,0,0,1,0,0,0,1,0,1,0,0,0,1,0,1,0,0,0,0,1,0,1,0,0,1,0,0,1,0,1,0,0,0,1,0,0,1,0,0.0,0.13,0.0,3.13,0.67,0.24,0.13,3.06,1.49,0.19,0.23,0.2,0.0,88.6,1.93,0.0
1748,0,0,U,Eddie,5/22/2019 0:00, CATTLE,ZZ_OTHER,16,NP,P,NP,NP,P,NP,NP,NP,NP,P,P,NP,NP,P,NO,1,0,0,0,1,0,1,0,0,1,0,0,0,1,0,1,0,0,1,0,0,1,0,0,1,0,0,0,1,0,0,1,0,1,0,0,1,0,0,0,1,0,0,0,1,3.8,0.05,11.62,0.11,54.7,0.24,0.02,18.53,0.09,10.39,0.34,0.03,0.07,0.01,0.0,0.0
2724,0,0,U,Eddie,10/1/2019 0:00, CATTLE,ZZ_OTHER,16,P,P,P,NO,NO,NO,NO,NO,NO,NO,P,P,NO,P,P,0,1,0,0,1,0,0,1,0,0,0,1,0,0,1,0,0,1,0,0,1,0,0,1,0,0,1,0,0,1,0,1,0,0,1,0,0,0,1,0,1,0,0,1,0,0.0,2.0,0.01,1.36,3.65,34.01,4.73,23.74,9.27,0.06,0.34,0.51,0.0,18.4,1.53,0.4
2787,1,0,U,veteddie_eddie,2/12/2020 0:00, CATTLE,ZZ_OTHER,16,NP,P,NP,NP,NP,NP,NP,P,NP,NP,NP,NP,NP,NP,NP,1,0,0,0,1,0,1,0,0,1,0,0,1,0,0,1,0,0,1,0,0,0,1,0,1,0,0,1,0,0,1,0,0,1,0,0,1,0,0,1,0,0,1,0,0,4.05803,0.284461,0.723473,0.000357801,0.000138252,0.00175865,0.00379089,0.0586372,4.21e-05,0.190544,0.67674,7.55e-05,94.0019,1.15e-05,1.68e-05,3.13e-06
1940,0,0,U,Eddie,5/23/2019 0:00, CATTLE,ZZ_OTHER,16,NP,NP,NP,NP,NP,NP,NP,NP,NP,P,NP,NP,NP,NP,P,1,0,0,1,0,0,1,0,0,1,0,0,1,0,0,1,0,0,1,0,0,1,0,0,1,0,0,0,1,0,1,0,0,1,0,0,1,0,0,1,0,0,0,1,0,38.25,0.27,3.03,0.11,0.03,0.14,0.01,3.1,0.0,2.77,26.05,0.09,26.09,0.0,0.04,0.0
1696,0,0,U,Eddie,6/10/2019 0:00, CATTLE,ZZ_OTHER,16,NP,NP,NP,NP,NP,NP,NP,NP,NP,NP,P,NP,P,NP,P,1,0,0,1,0,0,1,0,0,1,0,0,1,0,0,1,0,0,1,0,0,1,0,0,1,0,0,1,0,0,0,1,0,1,0,0,0,1,0,1,0,0,0,1,0,0.85,0.0,0.07,0.01,0.0,0.0,7.5,0.19,3.39,0.52,86.93,0.14,0.39,0.0,0.02,0.0
693,0,0,U,Eddie,2/5/2019 0:00, CATTLE,ZZ_OTHER,16,P,P,NP,NP,P,NP,P,NP,NP,P,P,P,NP,P,P,0,1,0,0,1,0,1,0,0,1,0,0,0,1,0,1,0,0,0,1,0,1,0,0,1,0,0,0,1,0,0,1,0,0,1,0,1,0,0,0,1,0,0,1,0,0.0,1.1,0.01,19.93,7.05,1.26,1.28,16.87,18.54,0.42,2.43,1.5,0.0,28.24,1.37,0.0
2710,0,0,U,Eddie,12/6/2019 0:00, CATTLE,ZZ_OTHER,16,P,P,P,NP,NP,NP,NP,P,NP,P,P,NP,NP,P,P,0,1,0,0,1,0,0,1,0,1,0,0,1,0,0,1,0,0,1,0,0,0,1,0,1,0,0,0,1,0,0,1,0,1,0,0,1,0,0,0,1,0,0,1,0,0.0,71.48,0.01,0.01,0.01,5.81,0.01,22.36,0.0,0.27,0.03,0.0,0.0,0.01,0.0,0.0
1257,0,0,U,Eddie,3/25/2019 0:00, CATTLE,ZZ_OTHER,16,NP,P,NP,NP,P,NP,NP,NP,NP,P,NP,NP,NP,P,P,1,0,0,0,1,0,1,0,0,1,0,0,0,1,0,1,0,0,1,0,0,1,0,0,1,0,0,0,1,0,1,0,0,1,0,0,1,0,0,0,1,0,0,1,0,0.41,0.05,1.36,0.09,81.22,0.24,0.01,10.9,0.03,4.34,1.16,0.07,0.11,0.01,0.0,0.0
2164,0,0,U,Eddie,7/15/2019 0:00, CATTLE,ZZ_OTHER,16,NP,NP,NP,P,NP,NP,NP,NP,NP,NP,NP,NP,NP,P,NP,1,0,0,1,0,0,1,0,0,0,1,0,1,0,0,1,0,0,1,0,0,1,0,0,1,0,0,1,0,0,1,0,0,1,0,0,1,0,0,0,1,0,1,0,0,3.33,0.05,14.09,0.0,0.0,0.07,0.06,0.15,0.06,0.32,27.43,0.0,54.42,0.0,0.01,0.0
2552,0,0,U,Eddie,10/22/2019 0:00, CATTLE,ZZ_OTHER,16,NP,P,NP,NP,NP,NP,NP,NP,NP,P,P,P,NP,NP,NP,1,0,0,0,1,0,1,0,0,1,0,0,1,0,0,1,0,0,1,0,0,1,0,0,1,0,0,0,1,0,0,1,0,0,1,0,1,0,0,1,0,0,1,0,0,64.54,0.04,24.27,0.29,0.04,0.12,0.0,5.73,0.01,0.65,0.15,0.03,4.11,0.01,0.01,0.0
3693,1,0,U,veteddie_eddie,1/9/2020 0:00, CATTLE,ZZ_OTHER,16,NP,P,NP,NP,NP,NP,NP,NP,P,NP,NP,NP,NP,P,NP,1,0,0,0,1,0,1,0,0,1,0,0,1,0,0,1,0,0,1,0,0,1,0,0,0,1,0,1,0,0,1,0,0,1,0,0,1,0,0,0,1,0,1,0,0,2.46487,0.104218,58.2231,0.0481637,0.00634113,0.23835,0.000373724,2.26407,0.000336546,30.0415,2.22359,0.0165343,4.24322,0.0370335,0.0883129,2.72e-08
