CaseID,train_test,Group,Dup_Stat,OriginDBName,DateOfCaseObserved,Species,DiseaseChosenByUser,ANAEMIA / PALLOR (PALE MEMBRANES),ANOREXIA / (LOSS OF APPETITE),ATAIXA / INCORDINATION OF MOVEMENT,DIARRHOEA,DYSENTERY (BLOOD IN FAECES),DYSPNOEA / COUGHING (DIFFICULTY BREATHING),LYMPH NODE ENLARGEMENT,OCCULAR / NASAL DISCHARGE,PYREXIA / FEVER,STARING COAT (STANDING HAIR / ROUGH COAT),STUNTED GROWTH,WEAKNESS,WEIGHT LOSS / EMACIATION (LOSS OF BODY CONDITION),CONSTIPATION,DEHYDRATION,ICTERUS (YELLOWING OF MEMBRANES),SUBMANDIBULAR / VENTRAL OEDEMA,APATHY / DEPRESSION,ANAEMIA / PALLOR (PALE MEMBRANES)_Absent,ANAEMIA / PALLOR (PALE MEMBRANES)_Present,ANAEMIA / PALLOR (PALE MEMBRANES)_Unknown,ANOREXIA / (LOSS OF APPETITE)_Absent,ANOREXIA / (LOSS OF APPETITE)_Present,ANOREXIA / (LOSS OF APPETITE)_Unknown,ATAIXA / INCORDINATION OF MOVEMENT_Absent,ATAIXA / INCORDINATION OF MOVEMENT_Present,ATAIXA / INCORDINATION OF MOVEMENT_Unknown,DIARRHOEA_Absent,DIARRHOEA_Present,DIARRHOEA_Unknown,DYSENTERY (BLOOD IN FAECES)_Absent,DYSENTERY (BLOOD IN FAECES)_Present,DYSENTERY (BLOOD IN FAECES)_Unknown,DYSPNOEA / COUGHING (DIFFICULTY BREATHING)_Absent,DYSPNOEA / COUGHING (DIFFICULTY BREATHING)_Present,DYSPNOEA / COUGHING (DIFFICULTY BREATHING)_Unknown,LYMPH NODE ENLARGEMENT_Absent,LYMPH NODE ENLARGEMENT_Present,LYMPH NODE ENLARGEMENT_Unknown,OCCULAR / NASAL DISCHARGE_Absent,OCCULAR / NASAL DISCHARGE_Present,OCCULAR / NASAL DISCHARGE_Unknown,PYREXIA / FEVER_Absent,PYREXIA / FEVER_Present,PYREXIA / FEVER_Unknown,STARING COAT (STANDING HAIR / ROUGH COAT)_Absent,STARING COAT (STANDING HAIR / ROUGH COAT)_Present,STARING COAT (STANDING HAIR / ROUGH COAT)_Unknown,STUNTED GROWTH_Absent,STUNTED GROWTH_Present,STUNTED GROWTH_Unknown,WEAKNESS_Absent,WEAKNESS_Present,WEAKNESS_Unknown,WEIGHT LOSS / EMACIATION (LOSS OF BODY CONDITION)_Absent,WEIGHT LOSS / EMACIATION (LOSS OF BODY CONDITION)_Present,WEIGHT LOSS / EMACIATION (LOSS OF BODY CONDITION)_Unknown,CONSTIPATION_Absent,CONSTIPATION_Present,CONSTIPATION_Unknown,DEHYDRATION_Absent,DEHYDRATION_Present,DEHYDRATION_Unknown,ICTERUS (YELLOWING OF MEMBRANES)_Absent,ICTERUS (YELLOWING OF MEMBRANES)_Present,ICTERUS (YELLOWING OF MEMBRANES)_Unknown,SUBMANDIBULAR / VENTRAL OEDEMA_Absent,SUBMANDIBULAR / VENTRAL OEDEMA_Present,SUBMANDIBULAR / VENTRAL OEDEMA_Unknown,APATHY / DEPRESSION_Absent,APATHY / DEPRESSION_Present,APATHY / DEPRESSION_Unknown,BRUCELLOSIS,CCPP,CONTAGIOUS ECTHYMA (ORF),COWDRIOSIS,HYPOCALCEMIA / PREGNANCY TOX.,LUNGWORM,MANGE MITE,MASTITIS,PASTEUROLLOSIS,POX,PPR,TRICHOSTRONGIULOSIS,ZZ_OTHER
1737,0,0,U,Eddie,4/18/2019 0:00, GOAT,BRUCELLOSIS,NP,P,NP,NP,NP,NP,NP,NP,P,P,NP,NP,NP,NP,NP,NP,NP,P,1,0,0,0,1,0,1,0,0,1,0,0,1,0,0,1,0,0,1,0,0,1,0,0,0,1,0,0,1,0,1,0,0,1,0,0,1,0,0,1,0,0,1,0,0,1,0,0,1,0,0,0,1,0,1,0,0,0,0,0,0,0,0,0,0,0,0
57,0,0,U,Eddie,12/12/2018 0:00, GOAT,CCPP,NP,P,P,NP,NP,P,NO,P,P,NP,P,P,P,NP,NP,NP,NP,P,1,0,0,0,1,0,0,1,0,1,0,0,1,0,0,0,1,0,0,0,1,0,1,0,0,1,0,1,0,0,0,1,0,0,1,0,0,1,0,1,0,0,1,0,0,1,0,0,1,0,0,0,1,0,0,1,0,0,0,0,0,0,0,0,0,0,0
1253,0,10,M,Eddie,3/25/2019 0:00, GOAT,CONTAGIOUS ECTHYMA (ORF),NP,NP,NP,NP,NP,NP,NP,P,NP,NP,NP,NP,NP,NP,NP,NP,NP,NP,1,0,0,1,0,0,1,0,0,1,0,0,1,0,0,1,0,0,1,0,0,0,1,0,1,0,0,1,0,0,1,0,0,1,0,0,1,0,0,1,0,0,1,0,0,1,0,0,1,0,0,1,0,0,0,0,1,0,0,0,0,0,0,0,0,0,1
2680,0,0,U,Eddie,11/19/2019 0:00, GOAT,CONTAGIOUS ECTHYMA (ORF),NP,P,NP,NP,NP,P,P,NP,P,P,NP,NP,NP,NP,NP,NP,NP,NP,1,0,0,0,1,0,1,0,0,1,0,0,1,0,0,0,1,0,0,1,0,1,0,0,0,1,0,0,1,0,1,0,0,1,0,0,1,0,0,1,0,0,1,0,0,1,0,0,1,0,0,1,0,0,0,0,1,0,0,0,0,0,0,0,0,0,0
2521,0,0,U,Eddie,10/14/2019 0:00, GOAT,CONTAGIOUS ECTHYMA (ORF),NP,P,NP,NP,NP,NP,P,P,NP,NP,NP,NP,NP,NP,NP,NP,NP,P,1,0,0,0,1,0,1,0,0,1,0,0,1,0,0,1,0,0,0,1,0,0,1,0,1,0,0,1,0,0,1,0,0,1,0,0,1,0,0,1,0,0,1,0,0,1,0,0,1,0,0,0,1,0,0,0,1,0,0,0,0,0,0,0,0,0,0
3091,1,0,U,veteddie_eddie,2/6/2020 0:00, GOAT,CONTAGIOUS ECTHYMA (ORF),NP,P,NP,NP,NP,NP,P,NP,P,P,NP,P,NP,NP,NP,NP,NP,P,1,0,0,0,1,0,1,0,0,1,0,0,1,0,0,1,0,0,0,1,0,1,0,0,0,1,0,0,1,0,1,0,0,0,1,0,1,0,0,1,0,0,1,0,0,1,0,0,1,0,0,0,1,0,0,0,1,0,0,0,0,0,0,0,0,0,0
2775,0,0,U,veteddie_eddie,2/15/2020 0:00, GOAT,COWDRIOSIS,NP,P,P,NP,NP,NP,NP,NP,P,P,NP,P,P,NP,P,NP,NP,P,1,0,0,0,1,0,0,1,0,1,0,0,1,0,0,1,0,0,1,0,0,1,0,0,0,1,0,0,1,0,1,0,0,0,1,0,0,1,0,1,0,0,0,1,0,1,0,0,1,0,0,0,1,0,0,0,0,1,0,0,0,0,0,0,0,0,0
4313,1,0,U,veteddie_eddie,1/16/2020 0:00, GOAT,HYPOCALCEMIA / PREGNANCY TOX.,NP,NP,P,NP,NP,NP,NP,NP,NP,P,NP,P,NP,NP,NP,NP,NP,P,1,0,0,1,0,0,0,1,0,1,0,0,1,0,0,1,0,0,1,0,0,1,0,0,1,0,0,0,1,0,1,0,0,0,1,0,1,0,0,1,0,0,1,0,0,1,0,0,1,0,0,0,1,0,0,0,0,0,1,0,0,0,0,0,0,0,0
3633,1,0,U,veteddie_eddie,1/1/2020 0:00, GOAT,LUNGWORM,NP,NP,NP,NP,NP,P,NP,P,P,NP,NP,P,P,NP,NP,NP,NP,P,1,0,0,1,0,0,1,0,0,1,0,0,1,0,0,0,1,0,1,0,0,0,1,0,0,1,0,1,0,0,1,0,0,0,1,0,0,1,0,1,0,0,1,0,0,1,0,0,1,0,0,0,1,0,0,0,0,0,0,1,0,0,0,0,0,0,0
2915,0,0,U,veteddie_eddie,2/19/2020 0:00, GOAT,LUNGWORM,NP,P,NP,NP,NP,P,NP,NP,P,NP,NP,NP,NP,NP,NP,NP,NP,P,1,0,0,0,1,0,1,0,0,1,0,0,1,0,0,0,1,0,1,0,0,1,0,0,0,1,0,1,0,0,1,0,0,1,0,0,1,0,0,1,0,0,1,0,0,1,0,0,1,0,0,0,1,0,0,0,0,0,0,1,0,0,0,0,0,0,0
449,0,0,U,Eddie,1/25/2019 0:00, GOAT,MANGE MITE,P,NP,P,NP,NP,NP,NP,NP,P,P,P,P,P,NP,P,NP,NP,NP,0,1,0,1,0,0,0,1,0,1,0,0,1,0,0,1,0,0,1,0,0,1,0,0,0,1,0,0,1,0,0,1,0,0,1,0,0,1,0,1,0,0,0,1,0,1,0,0,1,0,0,1,0,0,0,0,0,0,0,0,1,0,0,0,0,0,0
4028,0,0,U,veteddie_eddie,1/22/2020 0:00, GOAT,MANGE MITE,NP,NP,NP,NP,NP,NP,NP,NP,NP,P,NP,NP,P,NP,P,NP,NP,P,1,0,0,1,0,0,1,0,0,1,0,0,1,0,0,1,0,0,1,0,0,1,0,0,1,0,0,0,1,0,1,0,0,1,0,0,0,1,0,1,0,0,0,1,0,1,0,0,1,0,0,0,1,0,0,0,0,0,0,0,1,0,0,0,0,0,0
1730,0,0,U,Eddie,4/17/2019 0:00, GOAT,MANGE MITE,NP,NP,NP,NP,NP,NP,P,NP,NP,P,NP,NP,NP,NP,NP,NP,NP,NP,1,0,0,1,0,0,1,0,0,1,0,0,1,0,0,1,0,0,0,1,0,1,0,0,1,0,0,0,1,0,1,0,0,1,0,0,1,0,0,1,0,0,1,0,0,1,0,0,1,0,0,1,0,0,0,0,0,0,0,0,1,0,0,0,0,0,0
1232,0,37,D,Eddie,3/19/2019 0:00, GOAT,PASTEUROLLOSIS,NP,P,NP,NP,NP,P,NP,P,P,NP,NP,P,NP,NP,NP,NP,NP,P,1,0,0,0,1,0,1,0,0,1,0,0,1,0,0,0,1,0,1,0,0,0,1,0,0,1,0,1,0,0,1,0,0,0,1,0,1,0,0,1,0,0,1,0,0,1,0,0,1,0,0,0,1,0,0,0,0,0,0,0,0,0,1,0,0,0,0
4340,0,38,M,veteddie_eddie,1/16/2020 0:00, GOAT,PASTEUROLLOSIS,NP,P,NP,NP,NP,P,NP,P,P,NP,NP,P,P,NP,NP,NP,NP,P,1,0,0,0,1,0,1,0,0,1,0,0,1,0,0,0,1,0,1,0,0,0,1,0,0,1,0,1,0,0,1,0,0,0,1,0,0,1,0,1,0,0,1,0,0,1,0,0,1,0,0,0,1,0,0,1,0,0,0,0,0,0,1,0,0,0,0
626,0,0,U,Eddie,2/7/2019 0:00, GOAT,PASTEUROLLOSIS,NP,P,NP,P,NP,P,P,P,P,NP,P,P,P,NP,NP,NP,NP,P,1,0,0,0,1,0,1,0,0,0,1,0,1,0,0,0,1,0,0,1,0,0,1,0,0,1,0,1,0,0,0,1,0,0,1,0,0,1,0,1,0,0,1,0,0,1,0,0,1,0,0,0,1,0,0,0,0,0,0,0,0,0,1,0,0,0,0
133,0,0,U,Eddie,12/24/2018 0:00, GOAT,PASTEUROLLOSIS,NP,P,NP,NP,NP,P,NP,P,P,NP,P,P,NP,NP,P,NP,NP,P,1,0,0,0,1,0,1,0,0,1,0,0,1,0,0,0,1,0,1,0,0,0,1,0,0,1,0,1,0,0,0,1,0,0,1,0,1,0,0,1,0,0,0,1,0,1,0,0,1,0,0,0,1,0,0,0,0,0,0,0,0,0,1,0,0,0,0
3806,0,0,U,veteddie_eddie,11/20/2019 0:00, GOAT,PASTEUROLLOSIS,P,P,NP,NP,NP,P,NP,P,P,P,NP,P,NP,NP,NP,NP,NP,P,0,1,0,0,1,0,1,0,0,1,0,0,1,0,0,0,1,0,1,0,0,0,1,0,0,1,0,0,1,0,1,0,0,0,1,0,1,0,0,1,0,0,1,0,0,1,0,0,1,0,0,0,1,0,0,0,0,0,0,0,0,0,1,0,0,0,0
3075,0,11,D,veteddie_eddie,2/6/2020 0:00, GOAT,POX,NP,NP,NP,NP,NP,NP,P,NP,P,P,NP,NP,P,NP,NP,NP,NP,NP,1,0,0,1,0,0,1,0,0,1,0,0,1,0,0,1,0,0,0,1,0,1,0,0,0,1,0,0,1,0,1,0,0,1,0,0,0,1,0,1,0,0,1,0,0,1,0,0,1,0,0,1,0,0,0,0,0,0,0,0,0,0,0,1,0,0,0
2517,0,44,D,Eddie,9/4/2019 0:00, GOAT,POX,NP,P,NP,NP,NP,NP,P,P,P,P,NP,P,NP,NP,NP,NP,NP,P,1,0,0,0,1,0,1,0,0,1,0,0,1,0,0,1,0,0,0,1,0,0,1,0,0,1,0,0,1,0,1,0,0,0,1,0,1,0,0,1,0,0,1,0,0,1,0,0,1,0,0,0,1,0,0,0,0,0,0,0,0,0,0,1,0,0,0
88,0,34,M,Eddie,12/14/2018 0:00, GOAT,POX,NP,P,NP,NP,NP,NP,NP,NP,P,NP,NP,P,NP,NP,P,NP,NP,P,1,0,0,0,1,0,1,0,0,1,0,0,1,0,0,1,0,0,1,0,0,1,0,0,0,1,0,1,0,0,1,0,0,0,1,0,1,0,0,1,0,0,0,1,0,1,0,0,1,0,0,0,1,0,0,0,0,0,0,0,0,0,0,1,0,0,1
1270,0,0,U,Eddie,3/27/2019 0:00, GOAT,POX,NP,P,NP,NP,NP,P,P,P,P,P,NP,P,NP,NP,NP,NP,NP,P,1,0,0,0,1,0,1,0,0,1,0,0,1,0,0,0,1,0,0,1,0,0,1,0,0,1,0,0,1,0,1,0,0,0,1,0,1,0,0,1,0,0,1,0,0,1,0,0,1,0,0,0,1,0,0,0,0,0,0,0,0,0,0,1,0,0,0
296,0,0,U,Eddie,1/21/2019 0:00, GOAT,POX,P,P,NP,NP,NP,NP,NP,NP,P,P,NP,P,P,NP,NP,NP,NP,NP,0,1,0,0,1,0,1,0,0,1,0,0,1,0,0,1,0,0,1,0,0,1,0,0,0,1,0,0,1,0,1,0,0,0,1,0,0,1,0,1,0,0,1,0,0,1,0,0,1,0,0,1,0,0,0,0,0,0,0,0,0,0,0,1,0,0,0
2242,0,0,U,Eddie,8/24/2019 0:00, GOAT,POX,NP,NP,NP,NP,NP,NP,P,NP,P,P,NP,P,P,NP,NP,NP,NP,P,1,0,0,1,0,0,1,0,0,1,0,0,1,0,0,1,0,0,0,1,0,1,0,0,0,1,0,0,1,0,1,0,0,0,1,0,0,1,0,1,0,0,1,0,0,1,0,0,1,0,0,0,1,0,0,0,0,0,0,0,0,0,0,1,0,0,0
375,0,0,U,Eddie,1/21/2019 0:00, GOAT,POX,P,P,NP,NP,NP,NP,NP,NP,P,P,P,P,P,NP,NP,NP,P,P,0,1,0,0,1,0,1,0,0,1,0,0,1,0,0,1,0,0,1,0,0,1,0,0,0,1,0,0,1,0,0,1,0,0,1,0,0,1,0,1,0,0,1,0,0,1,0,0,0,1,0,0,1,0,0,0,0,0,0,0,0,0,0,1,0,0,0
1177,0,0,U,Eddie,3/6/2019 0:00, GOAT,POX,NP,P,NP,NP,NP,NP,P,P,P,NP,NP,NP,NP,NP,NP,NP,NP,P,1,0,0,0,1,0,1,0,0,1,0,0,1,0,0,1,0,0,0,1,0,0,1,0,0,1,0,1,0,0,1,0,0,1,0,0,1,0,0,1,0,0,1,0,0,1,0,0,1,0,0,0,1,0,0,0,0,0,0,0,0,0,0,1,0,0,0
895,0,0,U,Eddie,2/13/2019 0:00, GOAT,POX,NP,NP,NP,NP,NP,NP,P,NP,P,P,NP,P,NP,NP,NP,NP,NP,P,1,0,0,1,0,0,1,0,0,1,0,0,1,0,0,1,0,0,0,1,0,1,0,0,0,1,0,0,1,0,1,0,0,0,1,0,1,0,0,1,0,0,1,0,0,1,0,0,1,0,0,0,1,0,0,0,0,0,0,0,0,0,0,1,0,0,0
3272,1,29,D,veteddie_eddie,5/14/2020 0:00, GOAT,PPR,NP,P,NP,P,NP,P,NP,P,P,NP,NP,P,P,NP,P,NP,NP,P,1,0,0,0,1,0,1,0,0,0,1,0,1,0,0,0,1,0,1,0,0,0,1,0,0,1,0,1,0,0,1,0,0,0,1,0,0,1,0,1,0,0,0,1,0,1,0,0,1,0,0,0,1,0,0,0,0,0,0,0,0,0,0,0,1,0,0
3281,0,26,D,veteddie_eddie,5/13/2020 0:00, GOAT,PPR,NP,P,NP,P,NP,NP,NP,P,P,P,NP,P,P,NP,P,NP,NP,P,1,0,0,0,1,0,1,0,0,0,1,0,1,0,0,1,0,0,1,0,0,0,1,0,0,1,0,0,1,0,1,0,0,0,1,0,0,1,0,1,0,0,0,1,0,1,0,0,1,0,0,0,1,0,0,0,0,0,0,0,0,0,0,0,1,0,0
3924,1,28,D,veteddie_eddie,11/26/2019 0:00, GOAT,PPR,NP,P,NP,P,NP,P,NP,P,P,P,NP,P,P,NP,P,NP,NP,P,1,0,0,0,1,0,1,0,0,0,1,0,1,0,0,0,1,0,1,0,0,0,1,0,0,1,0,0,1,0,1,0,0,0,1,0,0,1,0,1,0,0,0,1,0,1,0,0,1,0,0,0,1,0,0,0,0,0,0,0,0,0,0,0,1,0,0
4201,1,29,D,veteddie_eddie,1/15/2020 0:00, GOAT,PPR,NP,P,NP,P,NP,P,NP,P,P,NP,NP,P,P,NP,P,NP,NP,P,1,0,0,0,1,0,1,0,0,0,1,0,1,0,0,0,1,0,1,0,0,0,1,0,0,1,0,1,0,0,1,0,0,0,1,0,0,1,0,1,0,0,0,1,0,1,0,0,1,0,0,0,1,0,0,0,0,0,0,0,0,0,0,0,1,0,0
3275,0,26,D,veteddie_eddie,5/14/2020 0:00, GOAT,PPR,NP,P,NP,P,NP,NP,NP,P,P,P,NP,P,P,NP,P,NP,NP,P,1,0,0,0,1,0,1,0,0,0,1,0,1,0,0,1,0,0,1,0,0,0,1,0,0,1,0,0,1,0,1,0,0,0,1,0,0,1,0,1,0,0,0,1,0,1,0,0,1,0,0,0,1,0,0,0,0,0,0,0,0,0,0,0,1,0,0
560,0,1,D,Eddie,1/31/2019 0:00, GOAT,PPR,NO,P,NO,P,NO,NO,NO,P,P,NO,NO,P,NO,NO,NO,NO,NO,P,0,0,1,0,1,0,0,0,1,0,1,0,0,0,1,0,0,1,0,0,1,0,1,0,0,1,0,0,0,1,0,0,1,0,1,0,0,0,1,0,0,1,0,0,1,0,0,1,0,0,1,0,1,0,0,0,0,0,0,0,0,0,0,0,1,0,0
3285,0,26,D,veteddie_eddie,5/13/2020 0:00, GOAT,PPR,NP,P,NP,P,NP,NP,NP,P,P,P,NP,P,P,NP,P,NP,NP,P,1,0,0,0,1,0,1,0,0,0,1,0,1,0,0,1,0,0,1,0,0,0,1,0,0,1,0,0,1,0,1,0,0,0,1,0,0,1,0,1,0,0,0,1,0,1,0,0,1,0,0,0,1,0,0,0,0,0,0,0,0,0,0,0,1,0,0
535,0,28,D,Eddie,1/29/2019 0:00, GOAT,PPR,NP,P,NP,P,NP,P,NP,P,P,P,NP,P,P,NP,P,NP,NP,P,1,0,0,0,1,0,1,0,0,0,1,0,1,0,0,0,1,0,1,0,0,0,1,0,0,1,0,0,1,0,1,0,0,0,1,0,0,1,0,1,0,0,0,1,0,1,0,0,1,0,0,0,1,0,0,0,0,0,0,0,0,0,0,0,1,0,0
592,0,2,D,Eddie,2/5/2019 0:00, GOAT,PPR,P,P,NO,P,NO,NO,NO,P,P,P,NO,P,P,NO,P,NO,NO,P,0,1,0,0,1,0,0,0,1,0,1,0,0,0,1,0,0,1,0,0,1,0,1,0,0,1,0,0,1,0,0,0,1,0,1,0,0,1,0,0,0,1,0,1,0,0,0,1,0,0,1,0,1,0,0,0,0,0,0,0,0,0,0,0,1,0,0
2525,0,0,U,Eddie,10/14/2019 0:00, GOAT,PPR,NP,P,NP,P,NP,NP,P,P,P,P,NP,P,P,NP,P,P,NP,P,1,0,0,0,1,0,1,0,0,0,1,0,1,0,0,1,0,0,0,1,0,0,1,0,0,1,0,0,1,0,1,0,0,0,1,0,0,1,0,1,0,0,0,1,0,0,1,0,1,0,0,0,1,0,0,0,0,0,0,0,0,0,0,0,1,0,0
2470,0,0,U,Eddie,10/4/2019 0:00, GOAT,PPR,P,P,NP,P,NP,P,NP,P,P,P,NP,P,NP,NP,NP,NP,NP,P,0,1,0,0,1,0,1,0,0,0,1,0,1,0,0,0,1,0,1,0,0,0,1,0,0,1,0,0,1,0,1,0,0,0,1,0,1,0,0,1,0,0,1,0,0,1,0,0,1,0,0,0,1,0,0,0,0,0,0,0,0,0,0,0,1,0,0
2283,0,0,U,Eddie,8/28/2019 0:00, GOAT,PPR,NP,NP,NP,P,NP,P,NP,P,NP,NP,NP,P,P,NP,NP,NP,NP,NP,1,0,0,1,0,0,1,0,0,0,1,0,1,0,0,0,1,0,1,0,0,0,1,0,1,0,0,1,0,0,1,0,0,0,1,0,0,1,0,1,0,0,1,0,0,1,0,0,1,0,0,1,0,0,0,0,0,0,0,0,0,0,0,0,1,0,0
2482,0,0,U,Eddie,10/10/2019 0:00, GOAT,PPR,NP,P,NP,P,NP,P,NO,P,P,NP,NP,P,P,NP,P,NP,NP,P,1,0,0,0,1,0,1,0,0,0,1,0,1,0,0,0,1,0,0,0,1,0,1,0,0,1,0,1,0,0,1,0,0,0,1,0,0,1,0,1,0,0,0,1,0,1,0,0,1,0,0,0,1,0,0,0,0,0,0,0,0,0,0,0,1,0,0
308,0,0,U,Eddie,1/22/2019 0:00, GOAT,PPR,NP,P,NP,P,NP,NP,NP,P,P,P,P,P,P,NP,P,NP,NP,NP,1,0,0,0,1,0,1,0,0,0,1,0,1,0,0,1,0,0,1,0,0,0,1,0,0,1,0,0,1,0,0,1,0,0,1,0,0,1,0,1,0,0,0,1,0,1,0,0,1,0,0,1,0,0,0,0,0,0,0,0,0,0,0,0,1,0,0
2616,0,0,U,Eddie,11/4/2019 0:00, GOAT,PPR,P,P,NP,P,NP,P,NP,P,P,P,NP,P,P,NP,P,NP,NP,P,0,1,0,0,1,0,1,0,0,0,1,0,1,0,0,0,1,0,1,0,0,0,1,0,0,1,0,0,1,0,1,0,0,0,1,0,0,1,0,1,0,0,0,1,0,1,0,0,1,0,0,0,1,0,0,0,0,0,0,0,0,0,0,0,1,0,0
3762,1,0,U,veteddie_eddie,11/22/2019 0:00, GOAT,PPR,NP,P,NP,P,P,NP,NP,P,P,NP,NP,NP,NP,P,P,NP,NP,P,1,0,0,0,1,0,1,0,0,0,1,0,0,1,0,1,0,0,1,0,0,0,1,0,0,1,0,1,0,0,1,0,0,1,0,0,1,0,0,0,1,0,0,1,0,1,0,0,1,0,0,0,1,0,0,0,0,0,0,0,0,0,0,0,1,0,0
1243,1,19,D,Eddie,3/20/2019 0:00, GOAT,TRICHOSTRONGIULOSIS,NP,P,NP,P,NP,NP,NP,NP,NP,P,P,P,P,NP,NP,NP,NP,NP,1,0,0,0,1,0,1,0,0,0,1,0,1,0,0,1,0,0,1,0,0,1,0,0,1,0,0,0,1,0,0,1,0,0,1,0,0,1,0,1,0,0,1,0,0,1,0,0,1,0,0,1,0,0,0,0,0,0,0,0,0,0,0,0,0,1,0
411,0,5,D,Eddie,1/24/2019 0:00, GOAT,TRICHOSTRONGIULOSIS,P,NP,NP,P,NP,NP,NP,NP,NP,P,P,P,P,NP,NP,NP,NP,P,0,1,0,1,0,0,1,0,0,0,1,0,1,0,0,1,0,0,1,0,0,1,0,0,1,0,0,0,1,0,0,1,0,0,1,0,0,1,0,1,0,0,1,0,0,1,0,0,1,0,0,0,1,0,0,0,0,0,0,0,0,0,0,0,0,1,0
3785,0,16,M,veteddie_eddie,11/26/2019 0:00, GOAT,TRICHOSTRONGIULOSIS,NP,P,NP,P,NP,NP,NP,NP,NP,NP,NP,NP,NP,NP,NP,NP,NP,P,1,0,0,0,1,0,1,0,0,0,1,0,1,0,0,1,0,0,1,0,0,1,0,0,1,0,0,1,0,0,1,0,0,1,0,0,1,0,0,1,0,0,1,0,0,1,0,0,1,0,0,0,1,0,0,0,0,0,0,0,0,0,0,0,0,1,1
549,0,0,U,Eddie,1/30/2019 0:00, GOAT,TRICHOSTRONGIULOSIS,NP,P,NP,NP,NP,NP,NP,NP,NP,NP,NP,P,P,NP,NP,NP,NP,NP,1,0,0,0,1,0,1,0,0,1,0,0,1,0,0,1,0,0,1,0,0,1,0,0,1,0,0,1,0,0,1,0,0,0,1,0,0,1,0,1,0,0,1,0,0,1,0,0,1,0,0,1,0,0,0,0,0,0,0,0,0,0,0,0,0,1,0
4743,1,0,U,veteddie_eddie,8/14/2020 0:00, GOAT,TRICHOSTRONGIULOSIS,NP,P,NP,P,NP,NP,NP,NP,NP,NP,NP,P,P,NP,NP,NP,NP,P,1,0,0,0,1,0,1,0,0,0,1,0,1,0,0,1,0,0,1,0,0,1,0,0,1,0,0,1,0,0,1,0,0,0,1,0,0,1,0,1,0,0,1,0,0,1,0,0,1,0,0,0,1,0,0,0,0,0,0,0,0,0,0,0,0,1,0
1227,0,0,U,Eddie,3/25/2019 0:00, GOAT,TRICHOSTRONGIULOSIS,NP,NP,NO,P,NP,NP,NP,NP,NP,NP,NP,P,NP,P,NP,NP,NP,NP,1,0,0,1,0,0,0,0,1,0,1,0,1,0,0,1,0,0,1,0,0,1,0,0,1,0,0,1,0,0,1,0,0,0,1,0,1,0,0,0,1,0,1,0,0,1,0,0,1,0,0,1,0,0,0,0,0,0,0,0,0,0,0,0,0,1,0
4306,1,0,U,veteddie_eddie,1/17/2020 0:00, GOAT,TRICHOSTRONGIULOSIS,NP,P,NP,P,NP,NP,NP,NP,NP,P,NP,NP,P,NP,NP,NP,NP,NP,1,0,0,0,1,0,1,0,0,0,1,0,1,0,0,1,0,0,1,0,0,1,0,0,1,0,0,0,1,0,1,0,0,1,0,0,0,1,0,1,0,0,1,0,0,1,0,0,1,0,0,1,0,0,0,0,0,0,0,0,0,0,0,0,0,1,0
674,0,22,D,Eddie,2/4/2019 0:00, GOAT,ZZ_OTHER,NP,P,NP,P,NP,NP,NP,NP,P,NP,P,P,P,NP,P,NP,NP,P,1,0,0,0,1,0,1,0,0,0,1,0,1,0,0,1,0,0,1,0,0,1,0,0,0,1,0,1,0,0,0,1,0,0,1,0,0,1,0,1,0,0,0,1,0,1,0,0,1,0,0,0,1,0,0,0,0,0,0,0,0,0,0,0,0,0,1
3055,1,32,D,veteddie_eddie,2/7/2020 0:00, GOAT,ZZ_OTHER,NP,P,NP,NP,NP,NP,NP,NP,NP,P,NP,NP,NP,NP,NP,NP,NP,P,1,0,0,0,1,0,1,0,0,1,0,0,1,0,0,1,0,0,1,0,0,1,0,0,1,0,0,0,1,0,1,0,0,1,0,0,1,0,0,1,0,0,1,0,0,1,0,0,1,0,0,0,1,0,0,0,0,0,0,0,0,0,0,0,0,0,1
4105,0,9,D,veteddie_eddie,1/19/2020 0:00, GOAT,ZZ_OTHER,NP,NP,NP,NP,NP,NP,NP,NP,NP,P,NP,NP,P,NP,NP,NP,NP,NP,1,0,0,1,0,0,1,0,0,1,0,0,1,0,0,1,0,0,1,0,0,1,0,0,1,0,0,0,1,0,1,0,0,1,0,0,0,1,0,1,0,0,1,0,0,1,0,0,1,0,0,1,0,0,0,0,0,0,0,0,0,0,0,0,0,0,1
3791,0,18,M,veteddie_eddie,11/26/2019 0:00, GOAT,ZZ_OTHER,NP,P,NP,P,NP,NP,NP,NP,NP,NP,NP,P,NP,NP,NP,NP,NP,P,1,0,0,0,1,0,1,0,0,0,1,0,1,0,0,1,0,0,1,0,0,1,0,0,1,0,0,1,0,0,1,0,0,0,1,0,1,0,0,1,0,0,1,0,0,1,0,0,1,0,0,0,1,0,0,0,0,0,0,0,0,0,0,0,0,1,1
2942,1,39,M,veteddie_eddie,1/31/2020 0:00, GOAT,ZZ_OTHER,NP,P,NP,NP,NP,P,NP,NP,NP,NP,NP,NP,NP,NP,NP,NP,NP,P,1,0,0,0,1,0,1,0,0,1,0,0,1,0,0,0,1,0,1,0,0,1,0,0,1,0,0,1,0,0,1,0,0,1,0,0,1,0,0,1,0,0,1,0,0,1,0,0,1,0,0,0,1,0,0,0,0,0,0,1,0,0,0,0,0,0,1
807,0,0,U,Eddie,2/7/2019 0:00, GOAT,ZZ_OTHER,NP,P,NP,P,P,NP,NP,NP,P,P,NP,P,P,NP,NP,NP,NP,P,1,0,0,0,1,0,1,0,0,0,1,0,0,1,0,1,0,0,1,0,0,1,0,0,0,1,0,0,1,0,1,0,0,0,1,0,0,1,0,1,0,0,1,0,0,1,0,0,1,0,0,0,1,0,0,0,0,0,0,0,0,0,0,0,0,0,1
3112,0,0,U,veteddie_eddie,2/6/2020 0:00, GOAT,ZZ_OTHER,NP,P,NP,NP,NP,NP,NP,NP,NP,P,NP,P,NP,NP,NP,NP,NP,P,1,0,0,0,1,0,1,0,0,1,0,0,1,0,0,1,0,0,1,0,0,1,0,0,1,0,0,0,1,0,1,0,0,0,1,0,1,0,0,1,0,0,1,0,0,1,0,0,1,0,0,0,1,0,0,0,0,0,0,0,0,0,0,0,0,0,1
3712,0,0,U,veteddie_eddie,1/1/2020 0:00, GOAT,ZZ_OTHER,NP,P,NP,NP,NP,NP,NP,NP,NP,NP,NP,P,P,NP,NP,NP,NP,P,1,0,0,0,1,0,1,0,0,1,0,0,1,0,0,1,0,0,1,0,0,1,0,0,1,0,0,1,0,0,1,0,0,0,1,0,0,1,0,1,0,0,1,0,0,1,0,0,1,0,0,0,1,0,0,0,0,0,0,0,0,0,0,0,0,0,1
902,0,0,U,Eddie,2/15/2019 0:00, GOAT,ZZ_OTHER,NP,P,NP,P,NP,NP,P,NP,P,NP,NP,NP,NP,NP,NP,NP,NP,NP,1,0,0,0,1,0,1,0,0,0,1,0,1,0,0,1,0,0,0,1,0,1,0,0,0,1,0,1,0,0,1,0,0,1,0,0,1,0,0,1,0,0,1,0,0,1,0,0,1,0,0,1,0,0,0,0,0,0,0,0,0,0,0,0,0,0,1
581,0,0,U,Eddie,2/4/2019 0:00, GOAT,ZZ_OTHER,P,NP,NP,NP,NP,NP,NP,NP,P,NP,NP,NP,NP,NP,NP,NP,NP,P,0,1,0,1,0,0,1,0,0,1,0,0,1,0,0,1,0,0,1,0,0,1,0,0,0,1,0,1,0,0,1,0,0,1,0,0,1,0,0,1,0,0,1,0,0,1,0,0,1,0,0,0,1,0,0,0,0,0,0,0,0,0,0,0,0,0,1
2991,0,0,U,veteddie_eddie,1/31/2020 0:00, GOAT,ZZ_OTHER,NP,NP,NP,NP,NP,P,NP,NP,NP,NP,NP,NP,NP,NP,NP,NP,NP,P,1,0,0,1,0,0,1,0,0,1,0,0,1,0,0,0,1,0,1,0,0,1,0,0,1,0,0,1,0,0,1,0,0,1,0,0,1,0,0,1,0,0,1,0,0,1,0,0,1,0,0,0,1,0,0,0,0,0,0,0,0,0,0,0,0,0,1
